date,dp,ep,bm,ntis,tbl,tms,dfy,svar
1957-01-01,-3.248434068075912,-2.574676748051453,0.5672426747,0.0279919939,0.0311,0.0017000000000000036,0.007200000000000005,0.0009019425
1957-02-01,-3.2172013145597846,-2.542482871383707,0.5849941888,0.0301728465,0.031,0.001800000000000003,0.007999999999999993,0.0010560402
1957-03-01,-3.2385651056071607,-2.5629110824947325,0.5998188749,0.0265995947,0.0308,0.0022999999999999965,0.0076999999999999985,0.0003302976
1957-04-01,-3.2748517800849477,-2.5972291077992447,0.5760983898,0.0274205931,0.0307,0.0038000000000000013,0.0076999999999999985,0.0003024601
1957-05-01,-3.3111335313798027,-2.6315753746189223,0.5640385796,0.0288486546,0.0306,0.004199999999999999,0.0077999999999999944,0.0004817712
1957-06-01,-3.3098677084259727,-2.6283485658611463,0.5658765324,0.0305276914,0.0329,0.0032000000000000015,0.007199999999999998,0.0005786214
1957-07-01,-3.315439137668593,-2.6348125422602626,0.5600566349,0.0323460398,0.0316,0.004899999999999995,0.007400000000000004,0.0005538677
1957-08-01,-3.2519236789144013,-2.572209171242835,0.5880045422,0.0358539895,0.0337,0.0030000000000000027,0.007199999999999998,0.0021472482
1957-09-01,-3.182306140086476,-2.5034653551777684,0.624150778,0.0343625225,0.0353,0.0011000000000000038,0.008099999999999996,0.0015171099
1957-10-01,-3.1440548650050495,-2.4805227029560193,0.6457464176,0.0384097165,0.0358,0.0011000000000000038,0.008899999999999998,0.0049360114
1957-11-01,-3.154367265828578,-2.5062350809913667,0.6330717763,0.0409898136,0.0331,0.000900000000000005,0.010099999999999998,0.0034900785
1957-12-01,-3.1064138030060633,-2.4737166784944566,0.6536757786,0.034873147,0.0304,0.0019000000000000024,0.012199999999999996,0.0012514024
1958-01-01,-3.1520355483284255,-2.538611027221801,0.6328607617,0.0298961799,0.0244,0.0086,0.012300000000000005,0.0007844653
1958-02-01,-3.1349042822367412,-2.5413060039730717,0.6473904346,0.0277510802,0.0153,0.0172,0.010700000000000001,0.0007362477
1958-03-01,-3.1690681941025978,-2.595824940768174,0.6685916376,0.0289353475,0.013,0.0191,0.010500000000000002,0.0005192057
1958-04-01,-3.20794362658848,-2.6497031140265745,0.6552450314,0.0270182768,0.0113,0.019799999999999998,0.010700000000000001,0.0007467616
1958-05-01,-3.2304531306028137,-2.6876207107017365,0.6455586773,0.0228695103,0.0091,0.0222,0.010499999999999995,0.0004331172
1958-06-01,-3.2638602427382324,-2.736979228218944,0.6246601698,0.0214366176,0.0083,0.024099999999999996,0.009799999999999996,0.0004382024
1958-07-01,-3.306060597228609,-2.7848955464520153,0.5938487843,0.0169337992,0.0091,0.025199999999999997,0.008599999999999997,0.0006956246
1958-08-01,-3.3178576584170516,-2.8024069089038965,0.5872638264,0.015090629,0.0169,0.020200000000000003,0.008199999999999999,0.0005889619
1958-09-01,-3.3651008774939406,-2.855431991855774,0.5613711966,0.0139834782,0.0244,0.013599999999999998,0.007800000000000001,0.0005101803
1958-10-01,-3.38628861580128,-2.8793399050570003,0.5498692979,0.0122789133,0.0263,0.011100000000000002,0.008100000000000003,0.000793475
1958-11-01,-3.404652275868801,-2.900318163452159,0.5358231981,0.0115349437,0.0267,0.010099999999999998,0.007800000000000001,0.0015302103
1958-12-01,-3.4515283083605306,-2.9498875941716127,0.5117793198,0.0236868316,0.0277,0.010499999999999999,0.0076999999999999985,0.0007127719
1959-01-01,-3.451503490397632,-2.9286370272343203,0.5028958179,0.0277362661,0.0282,0.012600000000000004,0.0075,0.000584868
1959-02-01,-3.447573029447517,-2.9039886833873387,0.4949461475,0.0278988473,0.027,0.0132,0.0075,0.0008447335
1959-03-01,-3.4443218082959097,-2.8806786286905046,0.5168602815,0.0249843896,0.028,0.012300000000000002,0.007199999999999998,0.0004915081
1959-04-01,-3.478591230458858,-2.8881065705527083,0.4985971944,0.0243605696,0.0295,0.0119,0.0063,0.0004925502
1959-05-01,-3.4936333727984508,-2.877176984469263,0.4830767797,0.0258872339,0.0284,0.0133,0.0058999999999999955,0.0004278009
1959-06-01,-3.4862981823349153,-2.844738370565463,0.4832193909,0.0268820744,0.0321,0.009800000000000003,0.0058,0.0009150702
1959-07-01,-3.5168569916778405,-2.8760963493388045,0.4608226648,0.0271413721,0.032,0.0097,0.006100000000000001,0.000487796
1959-08-01,-3.498037254340215,-2.85801502299679,0.4680844659,0.0281461307,0.0338,0.0085,0.006600000000000002,0.0010696993
1959-09-01,-3.4476169402172516,-2.8083835243171373,0.4923378926,0.0305283913,0.0404,0.0025000000000000022,0.006600000000000002,0.0017098448
1959-10-01,-3.455111044950229,-2.823457540446513,0.4809774204,0.0310201805,0.0405,0.0015999999999999973,0.007100000000000002,0.0006181833
1959-11-01,-3.464610935263982,-2.8405134321857988,0.4717982949,0.0297223804,0.0415,0.0017000000000000001,0.006999999999999999,0.0004996927
1959-12-01,-3.488193579423042,-2.8716796248840124,0.4577837965,0.0228563041,0.0449,-0.00020000000000000573,0.006999999999999999,0.0003075435
1960-01-01,-3.394190875143058,-2.797533119807113,0.499502104,0.0221161675,0.0435,0.0006000000000000033,0.007300000000000001,0.0009194175
1960-02-01,-3.3839030335226585,-2.806662333841901,0.4935567828,0.024037494,0.0396,0.0032999999999999974,0.007800000000000001,0.0011502458
1960-03-01,-3.3508080012835433,-2.792666052966421,0.549798083,0.02559341,0.0331,0.008,0.007599999999999996,0.0009691465
1960-04-01,-3.3314249722693083,-2.7878377454525953,0.5634036895,0.0255771333,0.0323,0.010299999999999997,0.0075,0.0006451661
1960-05-01,-3.3561757280091733,-2.8273893905167506,0.5419664269,0.0244143755,0.0329,0.008800000000000002,0.008199999999999999,0.0004235585
1960-06-01,-3.373817400645996,-2.8599195778430353,0.5291748619,0.0242699263,0.0246,0.0161,0.008100000000000003,0.0004989479
1960-07-01,-3.3487338121264147,-2.8338242313845257,0.5496732768,0.0257784868,0.023,0.015199999999999998,0.008100000000000003,0.00097782
1960-08-01,-3.374519894528065,-2.8585689660657323,0.5415421972,0.0251955351,0.023,0.016,0.008,0.0006369674
1960-09-01,-3.312226043244318,-2.795265430910811,0.5843417106,0.028312467,0.0248,0.0139,0.007599999999999996,0.0017716222
1960-10-01,-3.3097940899364393,-2.7928334776029327,0.5841202013,0.0278237978,0.023,0.016100000000000003,0.008100000000000003,0.0010487146
1960-11-01,-3.3492741093029976,-2.832313496969491,0.5676300191,0.026034213,0.0237,0.0162,0.0076999999999999985,0.000668674
1960-12-01,-3.394508393511359,-2.8775477811778525,0.5504229651,0.0227613608,0.0225,0.0155,0.0075,0.0004503055
1961-01-01,-3.45744405617734,-2.957308750348511,0.5229867325,0.0218153361,0.0224,0.018,0.0077999999999999944,0.0007411237
1961-02-01,-3.485707018438072,-3.002692124489051,0.5120227163,0.0194199043,0.0242,0.015,0.008,0.0005474594
1961-03-01,-3.512621947969969,-3.0471388301355518,0.5466798694,0.0227375905,0.0239,0.015799999999999998,0.008,0.0004149412
1961-04-01,-3.5164571908393287,-3.0574676023154597,0.5450044938,0.02325925,0.0229,0.016200000000000003,0.007599999999999996,0.0010092086
1961-05-01,-3.535415823437716,-3.082962205893633,0.5309162935,0.0224656554,0.0229,0.0168,0.007399999999999997,0.0004043434
1961-06-01,-3.5061454411376034,-3.0602707946915624,0.5408211006,0.0224821258,0.0233,0.017099999999999997,0.006999999999999999,0.0005489074
1961-07-01,-3.534968467480539,-3.0903326993017153,0.5244056311,0.0251796276,0.0224,0.018,0.0068000000000000005,0.0006283737
1961-08-01,-3.5510163375310713,-3.1075941344835956,0.5137928161,0.0254259102,0.0239,0.0171,0.006600000000000002,0.0004062151
1961-09-01,-3.5277101536730893,-3.085513036296195,0.5275167211,0.0249633869,0.0228,0.0175,0.0067000000000000046,0.0008224996
1961-10-01,-3.54548719272386,-3.098247009067953,0.5254858507,0.0258359089,0.023,0.017,0.007099999999999995,0.0002675088
1961-11-01,-3.5740296124349937,-3.121903589527781,0.5126108647,0.0255706129,0.0248,0.0156,0.007199999999999998,0.0003603902
1961-12-01,-3.567298994589347,-3.110375589205707,0.5059222584,0.0223242879,0.026,0.015500000000000003,0.0067999999999999935,0.0003369015
1962-01-01,-3.525376116800208,-3.053129975001692,0.5284285714,0.0247213553,0.0272,0.014700000000000001,0.006599999999999995,0.0008115307
1962-02-01,-3.538263561216242,-3.0509754607614297,0.522420733,0.0287833809,0.0273,0.014099999999999998,0.006499999999999999,0.0002650967
1962-03-01,-3.5290961105133265,-3.027133174005181,0.5457245916,0.0240753041,0.0272,0.012600000000000004,0.006499999999999999,0.0002794921
1962-04-01,-3.461844037749546,-2.9533272286116077,0.5798626246,0.0251520924,0.0273,0.012099999999999996,0.006900000000000003,0.0010196908
1962-05-01,-3.3687105481556987,-2.8536470945002463,0.6289943915,0.0277223552,0.0269,0.012400000000000001,0.007200000000000005,0.0109148391
1962-06-01,-3.2800713858951203,-2.7586227747378422,0.6873574686,0.0264554418,0.0273,0.012799999999999995,0.007400000000000004,0.0061611302
1962-07-01,-3.3384475535639053,-2.814498949634692,0.6452260298,0.0304859039,0.0292,0.012,0.007100000000000002,0.0018434772
1962-08-01,-3.3504277358566252,-2.8239532391621722,0.6333103516,0.0293287512,0.0282,0.011899999999999997,0.007100000000000002,0.0008019519
1962-09-01,-3.2977936397319607,-2.7688636624999816,0.6663442606,0.0306016141,0.0278,0.012000000000000004,0.007099999999999995,0.0011769981
1962-10-01,-3.294229877647271,-2.760153970220765,0.654153314,0.0280945039,0.0274,0.0121,0.007100000000000002,0.0034521082
1962-11-01,-3.3830684582274926,-2.843933952222785,0.5941783459,0.0248105069,0.0283,0.011300000000000004,0.007099999999999995,0.0012747828
1962-12-01,-3.388598789825834,-2.844529107480689,0.5916270511,0.0199680704,0.0287,0.0108,0.0068000000000000005,0.0005438823
1963-01-01,-3.4334178801761572,-2.888871373462015,0.5649849894,0.0171362735,0.0291,0.010700000000000001,0.006999999999999999,0.0006997698
1963-02-01,-3.4010574007926455,-2.8559635683675317,0.5819531179,0.0132367896,0.0292,0.0108,0.006999999999999999,0.0003921329
1963-03-01,-3.4327861834730404,-2.887222148993268,0.5875285706,0.014380171,0.0289,0.011199999999999998,0.006900000000000003,0.0003599355
1963-04-01,-3.472428737037802,-2.9229985567589996,0.5587292741,0.0151994274,0.029,0.0115,0.006600000000000002,0.0003221604
1963-05-01,-3.4790215070127397,-2.9257267323159777,0.5516121932,0.014648533,0.0293,0.011299999999999998,0.0063,0.0003036557
1963-06-01,-3.4509971370329398,-2.8939821307975744,0.5672815754,0.0182632029,0.0299,0.0108,0.006100000000000001,0.0002610984
1963-07-01,-3.446032553469167,-2.8801536363219915,0.5766216585,0.009318732,0.0318,0.008899999999999998,0.0058,0.0005297971
1963-08-01,-3.492088374953731,-2.9174949080582575,0.5498272363,0.0095200761,0.0332,0.007600000000000003,0.005400000000000002,0.0003269086
1963-09-01,-3.4794982320759136,-2.896246722339186,0.5472236248,0.010313262,0.0338,0.007200000000000005,0.005299999999999999,0.0003299103
1963-10-01,-3.500719906965083,-2.9229183999130286,0.5309640772,0.0102799661,0.0345,0.006999999999999999,0.0051,0.0005035319
1963-11-01,-3.479701603877251,-2.9073108119530877,0.5342962213,0.0060125452,0.0352,0.006199999999999997,0.0051,0.0031101657
1963-12-01,-3.493579301687392,-2.926472842022812,0.5255914542,0.0089547303,0.0352,0.006499999999999999,0.0050000000000000044,0.0002735667
1964-01-01,-3.512851457449638,-2.93987128575407,0.5106068709,0.0142935705,0.0352,0.006899999999999996,0.004400000000000001,0.0001833411
1964-02-01,-3.5154663546594587,-2.9366633750842026,0.5011622966,0.0174079186,0.0353,0.007100000000000002,0.004700000000000003,7.16995e-05
1964-03-01,-3.5233263882808945,-2.938883409321839,0.5236754417,0.0177832391,0.0354,0.006999999999999999,0.004500000000000004,0.0001147114
1964-04-01,-3.5222436644400403,-2.9330517573282657,0.5253031069,0.0207680034,0.0347,0.007599999999999996,0.004500000000000004,0.0002547552
1964-05-01,-3.5265820248205233,-2.9326879626309212,0.5190357804,0.0211793163,0.0348,0.007400000000000004,0.004400000000000001,0.0002257771
1964-06-01,-3.5358311076703943,-2.9373640533393788,0.5122068551,0.0205029799,0.0348,0.007100000000000002,0.004400000000000001,0.0003978509
1964-07-01,-3.5455381969608655,-2.9447119185509427,0.5063607181,0.0213126914,0.0346,0.0075,0.004300000000000005,0.0001989067
1964-08-01,-3.5208763843706956,-2.9177579006867047,0.5079429444,0.0206966751,0.035,0.007299999999999994,0.0040999999999999995,0.0004259263
1964-09-01,-3.5409593240373143,-2.9355689547169472,0.4865371214,0.0204031456,0.0353,0.0068000000000000005,0.003999999999999997,0.0001704974
1964-10-01,-3.5408414898299077,-2.9376590453516567,0.4878132588,0.0201157932,0.0357,0.006399999999999996,0.0038999999999999937,0.0001870439
1964-11-01,-3.527545780177462,-2.926562524399595,0.4865037753,0.0191674784,0.0364,0.0058,0.003799999999999998,0.0002128659
1964-12-01,-3.523415014386405,-2.9245785132977007,0.4872273003,0.0230953694,0.0384,0.0039000000000000007,0.003699999999999995,0.0003512133
1965-01-01,-3.5493757531164403,-2.94772555265764,0.4717231907,0.0179038005,0.0381,0.0040999999999999995,0.003700000000000002,0.0001658128
1965-02-01,-3.541315672549926,-2.9368355668787887,0.4713994776,0.0148232673,0.0393,0.0030999999999999986,0.003700000000000002,0.0003931965
1965-03-01,-3.520112673677798,-2.9129079229185777,0.469489905,0.0191342809,0.0393,0.0029,0.003599999999999999,0.0001446203
1965-04-01,-3.5459656627175002,-2.9352489279638414,0.4525593347,0.0147225723,0.0393,0.0029,0.003700000000000002,0.0001627597
1965-05-01,-3.5304403126866504,-2.916256949682075,0.4546642848,0.0162450566,0.0389,0.0034000000000000002,0.003699999999999995,0.000333764
1965-06-01,-3.472894129499897,-2.8553296301059587,0.4808589565,0.0175512226,0.038,0.004299999999999998,0.0039000000000000007,0.0018293746
1965-07-01,-3.47985981068714,-2.859070887114094,0.4733821762,0.0156274939,0.0384,0.0040000000000000036,0.0040000000000000036,0.0005218656
1965-08-01,-3.4958320984648283,-2.871852099701109,0.4673608778,0.0156011883,0.0384,0.004400000000000001,0.0039000000000000007,0.0001075344
1965-09-01,-3.521039004297507,-2.8939352360545527,0.4485374713,0.0168953899,0.0392,0.0040999999999999995,0.0039000000000000007,0.0002991012
1965-10-01,-3.540526610919355,-2.906955162154852,0.4344205991,0.017464193,0.0403,0.0029999999999999957,0.003699999999999995,0.0001883791
1965-11-01,-3.5242886630168337,-2.8843859969757006,0.4408953111,0.0207624998,0.0409,0.0032000000000000015,0.003500000000000003,0.0001414189
1965-12-01,-3.52581972096878,-2.8797179040988885,0.4306378062,0.0208375187,0.0438,0.0011999999999999997,0.0034000000000000002,0.0003013655
1966-01-01,-3.5233504169896577,-2.8749868390566853,0.4243983284,0.0202786269,0.0459,-0.00020000000000000573,0.0032000000000000015,0.0001518044
1966-02-01,-3.498043491554496,-2.8474559254133465,0.4384960447,0.0200259742,0.0465,0.0011999999999999997,0.0034000000000000002,0.0003370655
1966-03-01,-3.4687663782095144,-2.8159916529399567,0.4901759356,0.0167881795,0.0459,9.999999999999593e-05,0.003999999999999997,0.0009310079
1966-04-01,-3.4830784792155285,-2.8288302557329428,0.4854982435,0.0156362514,0.0462,0.0005000000000000004,0.004500000000000004,0.0003512647
1966-05-01,-3.421499611272751,-2.765761967349528,0.5127422037,0.015945601,0.0464,0.000900000000000005,0.0050000000000000044,0.0019354754
1966-06-01,-3.3993110335432664,-2.7421389554415994,0.5209746006,0.0171229559,0.045,0.002700000000000001,0.0051,0.0005012069
1966-07-01,-3.378724525810097,-2.725540790300844,0.5349430008,0.0186412636,0.048,0.0001999999999999988,0.005200000000000003,0.0010137845
1966-08-01,-3.2907912507977537,-2.6415741127356425,0.5749546556,0.0214702713,0.0496,0.00030000000000000165,0.005199999999999996,0.0031652347
1966-09-01,-3.2768182450203582,-2.6315101239798757,0.5854924957,0.0169844585,0.0537,-0.005699999999999997,0.006000000000000005,0.0016003107
1966-10-01,-3.3255880433572576,-2.6755480071233353,0.5616613181,0.0151840797,0.0535,-0.0068000000000000005,0.006899999999999996,0.0025467766
1966-11-01,-3.330992069592784,-2.676237218029825,0.5726449298,0.0175496373,0.0532,-0.005199999999999996,0.007800000000000001,0.0007744163
1966-12-01,-3.3318311204141917,-2.6723452224273783,0.5769451056,0.0172076295,0.0496,-0.0040999999999999995,0.007899999999999997,0.0006269421
1967-01-01,-3.403624988195099,-2.753635426910173,0.5333631411,0.0156975215,0.0472,-0.0023999999999999994,0.0077000000000000055,0.0007334878
1967-02-01,-3.402119678245864,-2.7616690708727663,0.5400478931,0.0177009311,0.0456,0.000899999999999998,0.007900000000000004,0.0004124037
1967-03-01,-3.43731869007615,-2.806413818393425,0.5495507979,0.0149212351,0.0426,0.0029,0.007200000000000005,0.0005011362
1967-04-01,-3.478690422598031,-2.855152066732069,0.5305166936,0.0150458766,0.0384,0.009300000000000003,0.007199999999999998,0.0008370969
1967-05-01,-3.424824105396739,-2.808706933868394,0.5582011823,0.0114640939,0.036,0.012200000000000003,0.007199999999999998,0.0008903396
1967-06-01,-3.4421848797273227,-2.8335443785419976,0.553204845,0.0101528235,0.0354,0.015300000000000001,0.007100000000000002,0.0010707328
1967-07-01,-3.4842234268856043,-2.8797685406089824,0.5262983279,0.0066870035,0.0421,0.008400000000000005,0.0068000000000000005,0.0002184469
1967-08-01,-3.4701711833364293,-2.8698658073688628,0.5280209478,0.0058413147,0.0427,0.0087,0.007099999999999995,0.0002966179
1967-09-01,-3.5001331934486815,-2.904009989170796,0.5135648458,0.0055998163,0.0442,0.0075,0.0075,0.0003585438
1967-10-01,-3.4706467699340267,-2.8726385509603696,0.5409552822,0.0037152213,0.0456,0.009299999999999996,0.006999999999999992,0.0004449025
1967-11-01,-3.4717111659898134,-2.8718214789164507,0.5433826972,0.0027729982,0.0473,0.009399999999999999,0.006499999999999999,0.0009547825
1967-12-01,-3.4976484629022715,-2.8958808410047086,0.5257924451,0.01436111,0.0497,0.0058999999999999955,0.007400000000000004,0.0002708992
1968-01-01,-3.4493914529318275,-2.8441806814776607,0.5563023835,0.0128542354,0.05,0.003599999999999999,0.0067000000000000046,0.0004833189
1968-02-01,-3.414263573410355,-2.805663276731961,0.5662105889,0.0104508102,0.0498,0.004400000000000001,0.007000000000000006,0.0008204453
1968-03-01,-3.4202242567168497,-2.8082503662007268,0.5668098065,0.0126772459,0.0517,0.004299999999999998,0.007400000000000004,0.001395481
1968-04-01,-3.4944715169528577,-2.8790679196559315,0.5223520642,0.0081402394,0.0538,0.000899999999999998,0.007599999999999996,0.0016075746
1968-05-01,-3.50106698729527,-2.882291399277217,0.5300333704,0.0106465009,0.0566,-0.001899999999999999,0.007599999999999996,0.000386531
1968-06-01,-3.5056879538114414,-2.883566287274844,0.5307418133,0.0120901814,0.0552,-0.001799999999999996,0.007900000000000004,0.0004995047
1968-07-01,-3.4825992077305985,-2.859544294100905,0.5396375991,0.0138855278,0.0531,-0.0013999999999999985,0.007400000000000004,0.0007566193
1968-08-01,-3.489541189172379,-2.8655952657272143,0.5318021004,0.0180351377,0.0509,0.0010999999999999968,0.008,0.0003164034
1968-09-01,-3.5229573417895956,-2.898096069095782,0.5091954391,0.0182871234,0.0519,0.0011999999999999997,0.008199999999999999,0.0002682317
1968-10-01,-3.525759216220619,-2.8994116243226458,0.500320247,0.019410182,0.0535,0.0008000000000000021,0.0075,0.000268403
1968-11-01,-3.568215395268691,-2.940411849342075,0.4837170585,0.0211887855,0.0545,0.0020999999999999977,0.008199999999999999,0.0002629658
1968-12-01,-3.5213662768170666,-2.892106363708373,0.5049006623,0.0319614467,0.0596,0.0001999999999999988,0.007800000000000001,0.0003339751
1969-01-01,-3.5098964739101186,-2.880422388211316,0.5036731674,0.0365244924,0.0614,0.0002999999999999947,0.007300000000000001,0.0006067703
1969-02-01,-3.4581220393087477,-2.828435212666028,0.5263971896,0.0413173288,0.0612,0.0006000000000000033,0.006399999999999989,0.0005955963
1969-03-01,-3.4887552043052397,-2.8588570540529936,0.557040236,0.0395080039,0.0602,0.001800000000000003,0.006599999999999995,0.000541631
1969-04-01,-3.5067829523790435,-2.878954876203472,0.5484224042,0.0442909517,0.0611,-0.001800000000000003,0.006499999999999992,0.0005504122
1969-05-01,-3.5013520627539783,-2.8756021866160513,0.5558044285,0.0440056458,0.0604,0.0030999999999999986,0.007300000000000001,0.0004268974
1969-06-01,-3.4409709034041898,-2.8172731111161164,0.5967773337,0.0451527603,0.0644,-0.0020999999999999977,0.007199999999999998,0.0007522369
1969-07-01,-3.3767677497601576,-2.752352736591096,0.6390179896,0.0511608862,0.07,-0.007900000000000004,0.007599999999999996,0.00230565
1969-08-01,-3.4139577505794882,-2.7888142975917267,0.6227889856,0.0469147527,0.0698,-0.0068000000000000005,0.008900000000000005,0.0009182338
1969-09-01,-3.3864865311455863,-2.760632986319633,0.6408884625,0.0483912244,0.0709,-0.0032000000000000084,0.009099999999999997,0.0008915878
1969-10-01,-3.428732625932641,-2.8101765446860965,0.608768794,0.0486302811,0.07,-0.00470000000000001,0.008899999999999991,0.0007537233
1969-11-01,-3.3917442820016444,-2.780538369514927,0.6415117567,0.0479040093,0.0724,-0.004800000000000013,0.009000000000000008,0.0005091362
1969-12-01,-3.371868510790275,-2.7680368557048096,0.6510820131,0.0342737833,0.0782,-0.009500000000000008,0.009299999999999989,0.0011635548
1970-01-01,-3.291270736440234,-2.697170992203996,0.7003467462,0.034473208,0.0787,-0.009400000000000006,0.009499999999999995,0.0010670973
1970-02-01,-3.341548589082036,-2.7572873925477497,0.670147507,0.035855217,0.0713,-0.006199999999999997,0.008500000000000008,0.0010587117
1970-03-01,-3.341958497480081,-2.7675806432176717,0.6903267691,0.0358415812,0.0663,-0.00019999999999999185,0.007900000000000004,0.000963539
1970-04-01,-3.2460763330361555,-2.6792789360368428,0.7367505808,0.0357121248,0.0651,0.004799999999999999,0.0087,0.001614677
1970-05-01,-3.1821011999813114,-2.6229397152268525,0.7742276283,0.0386610283,0.0684,0.0059000000000000025,0.0087,0.0081518544
1970-06-01,-3.1297352530771376,-2.578238589580219,0.7933814171,0.0422907479,0.0668,0.004100000000000006,0.0076999999999999985,0.002651911
1970-07-01,-3.1994312523959234,-2.6586745032570125,0.7387075682,0.0430738217,0.0645,0.004199999999999995,0.009599999999999997,0.0021264764
1970-08-01,-3.241862490322931,-2.7119895005034733,0.7092782966,0.0387292526,0.0641,0.005299999999999999,0.0131,0.0018871043
1970-09-01,-3.2732927622451475,-2.75434970395919,0.7129147605,0.0379424193,0.0612,0.006800000000000007,0.012999999999999998,0.0010579649
1970-10-01,-3.2670760729822392,-2.7572972263735407,0.7176982835,0.0369624911,0.0591,0.0102,0.012999999999999998,0.0010433957
1970-11-01,-3.3186771527787187,-2.8182580731433413,0.682920072,0.035224928,0.0528,0.010900000000000007,0.013299999999999992,0.0008854536
1970-12-01,-3.3791948841956705,-2.888312024933154,0.6464263577,0.0314617074,0.0487,0.016099999999999996,0.014800000000000008,0.0005351999
1971-01-01,-3.4220644050141216,-2.922160830072712,0.6244099021,0.0305931302,0.0444,0.016799999999999995,0.013800000000000007,0.0005410309
1971-02-01,-3.4342973300885,-2.9253966347320937,0.6170704232,0.0258013751,0.037,0.0259,0.0131,0.0004514536
1971-03-01,-3.4736426647042506,-2.9557679890008464,0.6338113825,0.0263988451,0.0338,0.025500000000000002,0.012499999999999997,0.0004927194
1971-04-01,-3.5103489447184595,-2.9850535637401943,0.6086541014,0.0265569787,0.0386,0.023299999999999994,0.01200000000000001,0.0003075549
1971-05-01,-3.468997262632146,-2.9362690913678113,0.6314096562,0.0297225774,0.0414,0.020999999999999998,0.010899999999999993,0.0005392763
1971-06-01,-3.470763565476692,-2.930692373614239,0.6432210427,0.0272784983,0.0475,0.016600000000000004,0.011099999999999999,0.0009245396
1971-07-01,-3.4296265647876614,-2.8816154793127042,0.6677306245,0.0257963205,0.054,0.010299999999999997,0.011200000000000002,0.0005184344
1971-08-01,-3.466184352323341,-2.9102653920597907,0.6382575968,0.0267819627,0.0494,0.0116,0.011700000000000002,0.0024512229
1971-09-01,-3.4602597710741394,-2.896491728037949,0.6460848296,0.0279344169,0.0469,0.012900000000000002,0.01150000000000001,0.0005242639
1971-10-01,-3.419738150231689,-2.837360741929661,0.6831942789,0.029243829,0.0446,0.014199999999999997,0.010900000000000007,0.0006619355
1971-11-01,-3.419330799608063,-2.818637674097605,0.6894892583,0.0294519101,0.0422,0.0174,0.011200000000000002,0.0018662556
1971-12-01,-3.5041772155818185,-2.88538860234042,0.6439002471,0.0340233587,0.0401,0.019600000000000006,0.011300000000000004,0.0011829844
1972-01-01,-3.52213624798119,-2.8969296774665922,0.6353569726,0.0330751166,0.0338,0.026800000000000004,0.010399999999999993,0.0004942247
1972-02-01,-3.547124484633759,-2.915558205455409,0.6175858985,0.0330297786,0.032,0.028199999999999996,0.009599999999999997,0.0002843844
1972-03-01,-3.5530186870375955,-2.9151156777728815,0.6459019879,0.0317231825,0.0373,0.024,0.009999999999999995,0.0005451044
1972-04-01,-3.55739343222852,-2.910358408810752,0.6367838016,0.0324918322,0.0371,0.024399999999999998,0.009400000000000006,0.0003833915
1972-05-01,-3.574520922736549,-2.918419623295393,0.6324423349,0.0306570665,0.0369,0.0228,0.009300000000000003,0.0007690517
1972-06-01,-3.552458828853708,-2.8873894630483035,0.6540154785,0.0341993895,0.0391,0.021599999999999994,0.0097,0.0003653522
1972-07-01,-3.5537151650155354,-2.880267470616049,0.6570495491,0.0333250925,0.0398,0.019499999999999997,0.0102,0.000595487
1972-08-01,-3.5864830895694837,-2.904793371700307,0.6304670395,0.0318487846,0.0402,0.019299999999999998,0.009999999999999995,0.0005949987
1972-09-01,-3.580538310317972,-2.890643165144404,0.6373850011,0.0328697745,0.0466,0.013999999999999999,0.0087,0.0004657121
1972-10-01,-3.582275760992763,-2.8848359348328323,0.6358841259,0.0323534438,0.0474,0.011700000000000002,0.008500000000000008,0.0008582678
1972-11-01,-3.61937130156176,-2.914570663632075,0.5967334833,0.0309522498,0.0478,0.009899999999999999,0.0087,0.0004884564
1972-12-01,-3.62370581069398,-2.911690145829652,0.5956745946,0.0342034837,0.0507,0.0092,0.008499999999999994,0.000517171
1973-01-01,-3.6043216002232388,-2.874887672464512,0.6081960321,0.0356473121,0.0541,0.014400000000000003,0.007500000000000007,0.0005156042
1973-02-01,-3.564021852523652,-2.817523148812567,0.6361837352,0.036299867,0.056,0.012799999999999999,0.007499999999999993,0.0012645944
1973-03-01,-3.5604723591230245,-2.797281334830153,0.6760181281,0.0367061493,0.0609,0.007699999999999992,0.00739999999999999,0.0015575644
1973-04-01,-3.5135625227265006,-2.7347712554929147,0.6977198485,0.0378332368,0.0626,0.006099999999999994,0.008300000000000002,0.0015175398
1973-05-01,-3.4893025178339547,-2.6952642583631503,0.7132159617,0.0396022163,0.0636,0.006699999999999998,0.0076999999999999985,0.0030775217
1973-06-01,-3.4775064197836434,-2.6686487431692867,0.7209743078,0.0390133985,0.0719,-0.0009000000000000119,0.007599999999999996,0.0021646025
1973-07-01,-3.5096118999713224,-2.684945499074432,0.6939766839,0.0373500626,0.0801,-0.004100000000000006,0.007900000000000004,0.0018680136
1973-08-01,-3.4671219948761482,-2.6270074402451624,0.7243372354,0.0373887675,0.0867,-0.013899999999999996,0.008500000000000008,0.0010958834
1973-09-01,-3.501314818574928,-2.6461840199665376,0.6788089959,0.0343612257,0.0829,-0.0126,0.009999999999999995,0.0009345578
1973-10-01,-3.488862100417265,-2.6247197523969303,0.6720817914,0.0346603301,0.0722,-0.0032999999999999974,0.008099999999999996,0.0013447449
1973-11-01,-3.356973094805192,-2.484077481346394,0.7818789906,0.0387363392,0.0783,-0.007099999999999995,0.007499999999999993,0.0043697483
1973-12-01,-3.3624893575741934,-2.481120898093105,0.7555884634,0.0130073951,0.0745,-0.001899999999999999,0.008000000000000007,0.005358338
1974-01-01,-3.346492702356711,-2.462883171754101,0.751446438,0.0116267491,0.0777,-0.003700000000000009,0.006500000000000006,0.0034094717
1974-02-01,-3.3369966851967936,-2.4511892763691203,0.7470977188,0.0109186477,0.0712,0.003600000000000006,0.0068000000000000005,0.0018780077
1974-03-01,-3.3076105222893624,-2.419623566578059,0.8151840129,0.0103999361,0.0796,-0.0013000000000000095,0.006099999999999994,0.001693635
1974-04-01,-3.2619796071930747,-2.364747964079498,0.8248580819,0.0096574913,0.0833,-0.0016999999999999932,0.006199999999999997,0.0017291765
1974-05-01,-3.2220890477384323,-2.3158138212550523,0.8604161213,0.0092469234,0.0823,-0.0012999999999999956,0.0068000000000000005,0.0020987464
1974-06-01,-3.2015843277581393,-2.2864371065860634,0.8601587717,0.0080281695,0.079,0.0021999999999999936,0.008000000000000007,0.0023003694
1974-07-01,-3.1120663531500226,-2.1914450683278166,0.9112393224,0.0068388852,0.0755,0.0068000000000000005,0.007599999999999996,0.0049175157
1974-08-01,-3.0089867403559407,-2.083001578651949,1.0171239942,0.0065552244,0.0896,-0.0040999999999999925,0.0076999999999999985,0.0047910264
1974-09-01,-2.8735174263411825,-1.9422969175695033,1.1354401435,0.0051374792,0.0806,0.0030999999999999917,0.009400000000000006,0.0078117125
1974-10-01,-3.0236418276222894,-2.10141876444273,1.0370837841,0.0036384075,0.0746,0.004900000000000002,0.0121,0.010084948
1974-11-01,-2.9680498203582246,-2.054928116006649,1.115637022,0.0078146012,0.0747,0.0023999999999999994,0.01709999999999999,0.003513799
1974-12-01,-2.9467754288274604,-2.042782224763711,1.1200181747,0.008771574,0.0715,0.004500000000000004,0.0174,0.0038144275
1975-01-01,-3.056160435064923,-2.1752579550807116,0.9808296267,0.0085104486,0.0626,0.017,0.019799999999999998,0.0040172082
1975-02-01,-3.1078840563889356,-2.2503282967511944,0.9339016305,0.0116523318,0.055,0.023799999999999995,0.0203,0.0021790299
1975-03-01,-3.122976915938578,-2.2890021366359745,0.9724663152,0.0204669502,0.0549,0.027500000000000004,0.018100000000000005,0.0024026153
1975-04-01,-3.1655413733646096,-2.3546986429130454,0.909489371,0.0224962245,0.0561,0.0291,0.01630000000000001,0.0023137776
1975-05-01,-3.205065971338608,-2.4177700255699124,0.8975236997,0.0229537717,0.0523,0.031299999999999994,0.0179,0.0018071722
1975-06-01,-3.24484301764387,-2.481445894406922,0.8498390198,0.0229616961,0.0534,0.027899999999999994,0.018500000000000003,0.0013533555
1975-07-01,-3.174791551736181,-2.4198091299897198,0.898365624,0.0256278961,0.0613,0.0216,0.01709999999999999,0.0012444037
1975-08-01,-3.153495979566281,-2.4069868909591263,0.8942466541,0.0263663778,0.0644,0.020000000000000004,0.016399999999999998,0.0023431364
1975-09-01,-3.118236104376976,-2.380285646801193,0.9409482541,0.0279195234,0.0642,0.022000000000000006,0.016600000000000004,0.0023046248
1975-10-01,-3.1807528873171105,-2.4315447417407907,0.8934979188,0.025898458,0.0596,0.0223,0.017600000000000005,0.0021545816
1975-11-01,-3.207866939363752,-2.447479099050382,0.8679284743,0.0246224796,0.0548,0.028999999999999998,0.017799999999999996,0.0008126854
1975-12-01,-3.1990058039967773,-2.427489556321325,0.876338851,0.0237119656,0.0544,0.026100000000000005,0.017699999999999994,0.0013307999
1976-01-01,-3.309924327167632,-2.5104166695353265,0.7659338857,0.0218521822,0.0487,0.03149999999999999,0.018100000000000005,0.0019782826
1976-02-01,-3.297534223864177,-2.4708607365417756,0.7680365203,0.0222330928,0.0488,0.03139999999999999,0.0169,0.0012214388
1976-03-01,-3.3268670235845463,-2.4737787590626383,0.7840312172,0.0150721313,0.05,0.029200000000000004,0.016,0.0012657161
1976-04-01,-3.3095161893219074,-2.4402629237122264,0.7860761398,0.0142394847,0.0486,0.031099999999999996,0.015399999999999997,0.0010071323
1976-05-01,-3.2887656989466993,-2.4038392357989884,0.8035027635,0.0141483212,0.052,0.03010000000000001,0.012799999999999992,0.0009364703
1976-06-01,-3.3226606316634983,-2.422456037540967,0.7814276312,0.0189250313,0.0541,0.02659999999999999,0.012700000000000003,0.0009715815
1976-07-01,-3.306625715369267,-2.4036153911630063,0.7958238544,0.0188427707,0.0523,0.028200000000000003,0.0126,0.0004871522
1976-08-01,-3.293604397229517,-2.3878400783423492,0.8047322694,0.0206295275,0.0514,0.0276,0.011899999999999994,0.0007445224
1976-09-01,-3.308170307872399,-2.399702301679453,0.7913632737,0.0237826575,0.0508,0.027300000000000005,0.0102,0.0008906883
1976-10-01,-3.2685081803158624,-2.3647293333748007,0.8120796327,0.0255691262,0.0492,0.028699999999999996,0.0097,0.001269993
1976-11-01,-3.2438421036970597,-2.3445912686282004,0.8272629379,0.0278954289,0.0475,0.027399999999999994,0.00979999999999999,0.0011179253
1976-12-01,-3.278401804182227,-2.3835743369587785,0.779973125,0.0285665543,0.0435,0.0286,0.011400000000000007,0.0005762273
1977-01-01,-3.215085116113981,-2.32601735148267,0.8210652053,0.0295997969,0.0462,0.030199999999999998,0.011200000000000002,0.00069563
1977-02-01,-3.1818759922716073,-2.298456181288326,0.8368039982,0.0279702171,0.0467,0.0308,0.010800000000000004,0.0003346756
1977-03-01,-3.1565433015037856,-2.2786907727946097,0.8684299283,0.0303383572,0.046,0.031200000000000006,0.0102,0.0006657328
1977-04-01,-3.1433050147841897,-2.267716583806579,0.8611500701,0.0311400296,0.0454,0.0317,0.010300000000000004,0.0009848511
1977-05-01,-3.106215240641212,-2.232803241669735,0.8882113369,0.0353154695,0.0496,0.0269,0.009599999999999997,0.0006348018
1977-06-01,-3.137486645358945,-2.2662316663946673,0.8711120812,0.0319410996,0.0502,0.025199999999999993,0.009599999999999997,0.0005633646
1977-07-01,-3.110477439593284,-2.2406390797304288,0.8967833991,0.033181837,0.0519,0.02489999999999999,0.009300000000000003,0.000594708
1977-08-01,-3.078691634510414,-2.2102290972932277,0.9265342604,0.0337503868,0.0549,0.020499999999999997,0.008400000000000005,0.0005824464
1977-09-01,-3.0657764440842494,-2.198675956400866,0.9422625161,0.0323675866,0.0581,0.018299999999999997,0.008799999999999988,0.0004631961
1977-10-01,-3.008878739748897,-2.1487129259105457,0.9753772836,0.0327751368,0.0616,0.0165,0.008500000000000008,0.0007261726
1977-11-01,-3.0231423788338523,-2.169765753882737,0.9620344703,0.0292167295,0.061,0.016700000000000007,0.0087,0.001387547
1977-12-01,-3.0137698978705387,-2.1670840326064753,0.9603330245,0.0304753992,0.0607,0.0196,0.007999999999999993,0.0006266271
1978-01-01,-2.941053121020224,-2.102678631424651,1.0367310889,0.0288142482,0.0644,0.017200000000000007,0.0076000000000000095,0.0009080501
1978-02-01,-2.906813632603072,-2.0766879832626537,1.0755672937,0.0311689879,0.0645,0.017699999999999994,0.007300000000000001,0.0006698948
1978-03-01,-2.9223772230118468,-2.100397170608933,1.1114925531,0.0275695984,0.0629,0.020199999999999996,0.007500000000000007,0.0006228568
1978-04-01,-2.996724193620442,-2.1729456491911407,1.0053504037,0.0229459889,0.0629,0.020900000000000002,0.0076000000000000095,0.001741181
1978-05-01,-2.9934108237630723,-2.1678345240809587,1.0014156386,0.0165594591,0.0641,0.021099999999999994,0.007999999999999993,0.0010850552
1978-06-01,-2.9681663924754877,-2.140851565531565,1.0279015813,0.0165234648,0.0673,0.019199999999999995,0.008400000000000005,0.0010274141
1978-07-01,-3.0132264826742197,-2.1833199090103306,0.9762603361,0.0146714141,0.0701,0.015700000000000006,0.007199999999999998,0.0008499296
1978-08-01,-3.031448243835538,-2.1989658543150306,0.9600602176,0.0120027078,0.0708,0.013499999999999998,0.00789999999999999,0.0010022377
1978-09-01,-3.0168230326519163,-2.1818374251499693,0.9722575131,0.0127039061,0.0785,0.007499999999999993,0.007300000000000001,0.0009479772
1978-10-01,-2.9174599913192725,-2.0641389362180527,1.0622752224,0.0143505524,0.0799,0.009000000000000008,0.006999999999999992,0.0021000234
1978-11-01,-2.9306725049737405,-2.0594360238134377,1.053527402,0.0140892722,0.0864,0.0012999999999999956,0.007999999999999993,0.003180889
1978-12-01,-2.942152551232101,-2.05345805165894,1.0457012956,0.0148505522,0.0908,-0.0010000000000000009,0.007800000000000001,0.00166563
1979-01-01,-2.97262495252877,-2.0665518901555,1.0030742833,0.0143875325,0.0935,-0.004900000000000002,0.008800000000000002,0.0010011132
1979-02-01,-2.926963772894787,-2.0041051712508406,1.0407754507,0.0122277102,0.0932,-0.0023999999999999994,0.008199999999999999,0.0008140809
1979-03-01,-2.972286479516072,-2.0331810698757455,1.0330789394,0.0116703077,0.0948,-0.004599999999999993,0.008899999999999991,0.0008007332
1979-04-01,-2.965017792050694,-2.017951589597177,1.0418762428,0.0115703138,0.0946,-0.0023999999999999994,0.009500000000000008,0.0006468352
1979-05-01,-2.929485734719326,-1.9746488093039716,1.0831418044,0.0141831592,0.0961,-0.0058,0.0097,0.000924227
1979-06-01,-2.9586291668758973,-1.9962270830423363,1.0578636072,0.0120683771,0.0906,-0.0029,0.010900000000000007,0.000571481
1979-07-01,-2.956774649550541,-1.9895527619718916,1.0523144538,0.0096782476,0.0924,-0.0029,0.010900000000000007,0.0007076848
1979-08-01,-2.998058431041495,-2.026127969633094,1.0034586483,0.0115690793,0.0952,-0.004500000000000004,0.011200000000000002,0.0005064798
1979-09-01,-2.987714737895044,-2.011205146027834,1.0137949874,0.0094039237,0.1026,-0.009899999999999992,0.010999999999999996,0.0012330663
1979-10-01,-2.90820214159735,-1.9349033762137826,1.0919455682,0.0102095448,0.117,-0.013600000000000001,0.012700000000000003,0.0025892994
1979-11-01,-2.941591680129209,-1.9714492247304474,1.0831154618,0.0107786938,0.1179,-0.017,0.012300000000000005,0.0015583806
1979-12-01,-2.9499199720321476,-1.982902477900884,1.061950068,0.0105144647,0.1204,-0.019199999999999995,0.013200000000000003,0.0004696422
1980-01-01,-2.9971347983280765,-2.029330796262822,1.016954958,0.0112974707,0.12,-0.008599999999999997,0.013300000000000006,0.0019064055
1980-02-01,-2.984011681059717,-2.0154288494223858,1.0319299303,0.0108271852,0.1286,-0.009999999999999995,0.011899999999999994,0.0018976181
1980-03-01,-2.8679968596285508,-1.8986557572399536,1.0937321031,0.0118774451,0.152,-0.0281,0.014899999999999997,0.0046218942
1980-04-01,-2.900293808031539,-1.9466339032344933,1.0518199398,0.0153468468,0.132,-0.024400000000000005,0.021500000000000005,0.0027455493
1980-05-01,-2.9378739169489694,-1.999866954511056,1.0100487748,0.0150518602,0.0858,0.0179,0.021800000000000014,0.0015097166
1980-06-01,-2.9565923652167205,-2.0342593188866025,0.990183427,0.0153043875,0.0707,0.029899999999999996,0.021299999999999986,0.0013710848
1980-07-01,-3.0123402065793385,-2.1039862240601237,0.9188299192,0.020154038,0.0806,0.02679999999999999,0.015799999999999995,0.001362831
1980-08-01,-3.0109313607803188,-2.1165660712732044,0.9215196389,0.0199498435,0.0913,0.022699999999999998,0.015100000000000002,0.0017081584
1980-09-01,-3.02862837759719,-2.148229474135431,0.9216876515,0.0237960395,0.1027,0.015799999999999995,0.01680000000000001,0.0026574057
1980-10-01,-3.0395922716155646,-2.1600335490101394,0.9295936138,0.0227691861,0.1162,0.006900000000000003,0.01920000000000001,0.0021906435
1980-11-01,-3.1321550774495064,-2.2534290082252997,0.8651619788,0.0219492748,0.1373,-0.014300000000000007,0.016699999999999993,0.0024190718
1980-12-01,-3.0928118433805425,-2.21491100105803,0.8915030239,0.0268163754,0.1549,-0.035,0.01930000000000001,0.0029515288
1981-01-01,-3.0395176149570737,-2.173502020246929,0.9072386965,0.0286954334,0.1502,-0.0291,0.022199999999999998,0.0015974348
1981-02-01,-3.04627608843398,-2.1921335743568107,0.8818157565,0.0300093729,0.1479,-0.019600000000000006,0.020199999999999996,0.001530909
1981-03-01,-3.075284905255945,-2.23300415915554,0.9249205574,0.027939298,0.1336,-0.008800000000000002,0.020100000000000007,0.0020759444
1981-04-01,-3.0457226155209023,-2.199488262454474,0.9305938361,0.0273520119,0.1369,-0.003699999999999981,0.01679999999999998,0.0008320026
1981-05-01,-3.038287297172161,-2.188137847618766,0.9362238467,0.0288446179,0.163,-0.036500000000000005,0.01630000000000001,0.000921688
1981-06-01,-3.022064824728181,-2.1680824474722544,0.9504749816,0.0278934365,0.1473,-0.0169,0.02049999999999999,0.0009955428
1981-07-01,-3.013098823750823,-2.16011027274247,0.9749669236,0.0255902194,0.1495,-0.012499999999999983,0.0179,0.0011029891
1981-08-01,-2.9422644577840353,-2.0902794395266553,1.0533540563,0.0269917415,0.1551,-0.010599999999999998,0.014499999999999985,0.0018249381
1981-09-01,-2.8802663366258248,-2.029250593333845,1.0923786442,0.0214833701,0.147,0.0012000000000000066,0.01429999999999998,0.0027611735
1981-10-01,-2.9226315710637225,-2.0752661702693556,1.0890856841,0.0148971083,0.1354,0.0030000000000000027,0.017100000000000004,0.0020782516
1981-11-01,-2.953001851932256,-2.109244140950481,1.0444554433,0.0156728261,0.1086,0.013399999999999995,0.021699999999999997,0.0015040033
1981-12-01,-2.9169143057763507,-2.076752382254596,1.0611428571,0.0119096464,0.1085,0.02489999999999999,0.0232,0.0009057975
1982-01-01,-2.894700048322423,-2.071058175844499,1.0658936976,0.0107004867,0.1228,0.01869999999999998,0.019200000000000023,0.0025219329
1982-02-01,-2.8277469224031524,-2.0207573618930166,1.1262873155,0.0105060983,0.1348,0.005399999999999988,0.019100000000000006,0.0019182315
1982-03-01,-2.8130535101121947,-2.0228390363675457,1.1857505743,0.0055484327,0.1268,0.011899999999999994,0.022399999999999975,0.0017952261
1982-04-01,-2.847833613992984,-2.076580643108434,1.1499834976,0.0029236858,0.127,0.007800000000000001,0.0232,0.0012468205
1982-05-01,-2.803449766381455,-2.0513590569722204,1.1904238963,-0.0009581844,0.1209,0.01490000000000001,0.023799999999999988,0.0008548156
1982-06-01,-2.7785364910662107,-2.0458015575250426,1.2015814171,0.0012130304,0.1247,0.016499999999999987,0.02109999999999998,0.0014902926
1982-07-01,-2.753326376617479,-2.0369936775208046,1.2065298046,-0.0115518915,0.1135,0.021699999999999983,0.021900000000000003,0.0009585831
1982-08-01,-2.8610948908040914,-2.1613944205457543,1.082424471,-0.0028576304,0.0868,0.03860000000000001,0.026100000000000012,0.0064159331
1982-09-01,-2.866736979762168,-2.183861349524052,1.0885355649,0.0005507087,0.0792,0.039099999999999996,0.026900000000000007,0.0021312943
1982-10-01,-2.9704469991929234,-2.311426697600017,0.983745412,0.0065578321,0.0771,0.03409999999999999,0.026099999999999984,0.0061259079
1982-11-01,-3.004970716961231,-2.370318163177466,0.9387268109,0.0009581552,0.0807,0.03180000000000001,0.026199999999999987,0.0054916495
1982-12-01,-3.0190393277026084,-2.4093370452181553,0.9322147266,0.0029900535,0.0794,0.030100000000000002,0.023099999999999996,0.0024902383
1983-01-01,-3.049702382464043,-2.447750112274006,0.9069443153,0.0021947601,0.0786,0.03269999999999999,0.02149999999999999,0.0032808574
1983-02-01,-3.0665745606845114,-2.4724250964060475,0.8768492387,0.0003558813,0.0811,0.02489999999999999,0.019400000000000014,0.0019116417
1983-03-01,-3.097206811523513,-2.5108683727977588,0.7800677858,0.0059935424,0.0835,0.02479999999999999,0.018799999999999997,0.001571821
1983-04-01,-3.168008360094409,-2.5785612248255747,0.7188876203,0.0066268443,0.0821,0.022999999999999993,0.017799999999999996,0.0014237505
1983-05-01,-3.1541410362751843,-2.561611747327262,0.7345955766,0.0104289126,0.0819,0.029299999999999993,0.016299999999999995,0.001084614
1983-06-01,-3.1873167525262547,-2.5917156789887117,0.721382042,0.015826551,0.0879,0.023999999999999994,0.01630000000000001,0.0013991486
1983-07-01,-3.150867690043789,-2.539518228511499,0.7350611231,0.0253802086,0.0908,0.028999999999999998,0.012399999999999994,0.0022928246
1983-08-01,-3.1592535658477985,-2.53249571075325,0.7248223918,0.0194746307,0.0934,0.0276,0.011300000000000004,0.0013690453
1983-09-01,-3.1664992371633485,-2.5246453509909537,0.714847583,0.0231783929,0.09,0.0257,0.011800000000000005,0.0010572931
1983-10-01,-3.14693204816182,-2.4912267938914368,0.7194743715,0.024744376,0.0864,0.0324,0.0121,0.0011153555
1983-11-01,-3.1599494768819576,-2.490690169062996,0.6908198931,0.0266368271,0.0876,0.03,0.011999999999999997,0.0008363031
1983-12-01,-3.146835800916025,-2.4643232473456913,0.7003591178,0.027056897,0.09,0.029700000000000004,0.011800000000000005,0.0005281144
1984-01-01,-3.1333546546398083,-2.426260246599013,0.7221976437,0.0307360053,0.089,0.028999999999999998,0.014500000000000013,0.0007946061
1984-02-01,-3.0895155412408117,-2.35862803269802,0.763448031,0.0267017483,0.0909,0.030800000000000008,0.015099999999999988,0.0020194765
1984-03-01,-3.0987362543175703,-2.3448006115213924,0.7624754269,0.0241049363,0.0952,0.030099999999999988,0.01419999999999999,0.0013545875
1984-04-01,-3.0981743542210274,-2.32992835697726,0.7586589793,0.0226819545,0.0969,0.031499999999999986,0.015000000000000013,0.0010355282
1984-05-01,-3.0309929866553666,-2.248812973731906,0.803910033,0.0215141284,0.0983,0.0398,0.014600000000000002,0.0009330503
1984-06-01,-3.04237042671976,-2.246602458243109,0.7843518191,0.0013040651,0.0987,0.0387,0.014999999999999986,0.0016757627
1984-07-01,-3.0226000231722185,-2.222634292861588,0.7963919375,-0.0018621419,0.1012,0.0281,0.017100000000000004,0.0008656576
1984-08-01,-3.1204643439263755,-2.316358416926219,0.7254283801,-0.0031008335,0.1047,0.0223,0.017600000000000005,0.0031268328
1984-09-01,-3.113816378006868,-2.3055998676621354,0.7360509153,-0.0094925469,0.1037,0.019799999999999998,0.0169,0.0009432267
1984-10-01,-3.1070039513812397,-2.3039286407038104,0.7356424655,-0.0135284804,0.0974,0.0199,0.0131,0.0012918483
1984-11-01,-3.085069375320442,-2.287098587918299,0.7470519959,-0.0218772065,0.0861,0.030800000000000008,0.011900000000000008,0.0010202895
1984-12-01,-3.1005348646765625,-2.307620471095302,0.7330983765,-0.0271967866,0.0806,0.0364,0.012700000000000003,0.0011901054
1985-01-01,-3.16627027601404,-2.3841083260439224,0.6902554458,-0.0299050052,0.0776,0.03509999999999999,0.011799999999999991,0.0016358207
1985-02-01,-3.169202999417874,-2.397805316029988,0.6917391609,-0.0245189175,0.0827,0.0382,0.010999999999999996,0.0007452963
1985-03-01,-3.1606048279691974,-2.399945418965959,0.7236457791,-0.0248157693,0.0852,0.0329,0.011300000000000004,0.0008022855
1985-04-01,-3.152520397500262,-2.4113310680399884,0.7286615901,-0.022411793,0.0795,0.036699999999999997,0.012799999999999992,0.0004598802
1985-05-01,-3.2017067303954363,-2.480222307424026,0.6968929839,-0.0254809306,0.0748,0.0314,0.014300000000000007,0.0008338603
1985-06-01,-3.2103121290913257,-2.508802082165621,0.6864301439,-0.0266075139,0.0695,0.03599999999999999,0.014600000000000002,0.0007415203
1985-07-01,-3.2011597074973737,-2.512092468400805,0.6803220899,-0.024638663,0.0708,0.0383,0.014599999999999988,0.0007186299
1985-08-01,-3.1848050850104626,-2.5082355634703317,0.687176258,-0.0242274732,0.0714,0.0354,0.014499999999999999,0.0006296953
1985-09-01,-3.14520731657565,-2.4811789840308958,0.6899588298,-0.0312943542,0.071,0.03720000000000001,0.014099999999999988,0.0008658431
1985-10-01,-3.1842896482612306,-2.536473925441161,0.6670256347,-0.0270693422,0.0716,0.0335,0.013399999999999995,0.000911764
1985-11-01,-3.2447810237564476,-2.613354004618177,0.622703158,-0.027715873,0.0724,0.02869999999999999,0.01440000000000001,0.0009430684
1985-12-01,-3.286321508515901,-2.671478042226269,0.5926926882,-0.0194650815,0.071,0.02460000000000001,0.014200000000000004,0.0012300755
1986-01-01,-3.283634724743264,-2.675897273421796,0.5835173999,-0.0191717774,0.0707,0.025099999999999997,0.013899999999999996,0.0019201584
1986-02-01,-3.3476591209966493,-2.747006538840865,0.5363767217,-0.0179142569,0.0706,0.013499999999999998,0.01440000000000001,0.0010892902
1986-03-01,-3.394106632453341,-2.800518044935114,0.5196276277,-0.0164196221,0.0656,0.010999999999999996,0.015,0.0013737344
1986-04-01,-3.376533766045745,-2.781918797121896,0.5297144587,-0.0245847833,0.0606,0.017600000000000005,0.013999999999999999,0.0024589457
1986-05-01,-3.4222420170445624,-2.826589283557275,0.5035407708,-0.0218719553,0.0615,0.0233,0.01200000000000001,0.0013699311
1986-06-01,-3.432951223996427,-2.836287751061474,0.4992814574,-0.0122932373,0.0621,0.0169,0.0121,0.0015965185
1986-07-01,-3.3671446471072026,-2.7726429334330507,0.5323014009,-0.0112860333,0.0583,0.022600000000000002,0.012799999999999992,0.0024158243
1986-08-01,-3.430601884338913,-2.8382626417144303,0.497803344,-0.0096769523,0.0553,0.021000000000000005,0.014600000000000002,0.0012605846
1986-09-01,-3.3360160186010392,-2.745802168041309,0.5346292671,-0.0051386604,0.0521,0.030599999999999995,0.013099999999999987,0.004207383
1986-10-01,-3.3872731343953415,-2.8074240819316594,0.5032458023,-0.0080245039,0.0518,0.028499999999999998,0.013800000000000007,0.0009905938
1986-11-01,-3.4065120170284997,-2.8370885099435146,0.4936710845,-0.0021244383,0.0535,0.024399999999999998,0.013899999999999996,0.0017308565
1986-12-01,-3.375796990475242,-2.81687157191484,0.4984308658,-0.0113759993,0.0553,0.023599999999999996,0.014799999999999994,0.0012623423
1987-01-01,-3.497164519773257,-2.926477712239978,0.4378973513,-0.0058406587,0.0543,0.023499999999999993,0.013600000000000001,0.0024782274
1987-02-01,-3.531015960829883,-2.9487667682704837,0.4249119825,-0.0045059361,0.0559,0.02040000000000001,0.012700000000000003,0.0014122466
1987-03-01,-3.5546626605030203,-2.961031133052797,0.4280402137,-0.0022174302,0.0559,0.023600000000000003,0.012500000000000011,0.0019710953
1987-04-01,-3.53597799368711,-2.9646420403500797,0.4314718592,0.0044930045,0.0564,0.029500000000000005,0.011900000000000008,0.0041939063
1987-05-01,-3.5348765175092263,-2.9860106370109154,0.4304908862,0.0069409582,0.0566,0.0314,0.011800000000000005,0.0024892339
1987-06-01,-3.5746113605649974,-3.048411569549419,0.4078923974,0.0052024616,0.0567,0.031,0.011999999999999997,0.0010704212
1987-07-01,-3.6162421093862847,-3.0627634907109496,0.3835432162,0.0018821969,0.0569,0.033800000000000004,0.011899999999999994,0.00081816
1987-08-01,-3.645178889855736,-3.0654184460480005,0.37045382,0.0019974361,0.0604,0.0332,0.011300000000000004,0.0017761286
1987-09-01,-3.6153087332446687,-3.0102232396123108,0.3799667216,0.0063503319,0.064,0.035199999999999995,0.011300000000000004,0.0025348306
1987-10-01,-3.3641236158984342,-2.7309056187756764,0.4948508425,0.0104777401,0.0613,0.0313,0.010999999999999996,0.0709451379
1987-11-01,-3.2691869018783395,-2.6089203016843836,0.538027324,0.0098984399,0.0569,0.0362,0.012200000000000003,0.0067854547
1987-12-01,-3.33382473087961,-2.6475112898982296,0.5088120155,0.013274756,0.0577,0.0343,0.011800000000000005,0.0068521879
1988-01-01,-3.3681741866094006,-2.6666000925320086,0.5037738354,0.0084227445,0.0581,0.0271,0.011900000000000008,0.009157508
1988-02-01,-3.403893118536805,-2.6874275610592147,0.4761973721,0.0087922636,0.0566,0.028800000000000006,0.012200000000000003,0.0019673463
1988-03-01,-3.3647497287730466,-2.633779459326458,0.5075299538,0.0060800302,0.057,0.0331,0.011800000000000005,0.0016591988
1988-04-01,-3.363759824459478,-2.5894027322268336,0.4964744899,0.0050636719,0.0591,0.0338,0.012300000000000005,0.0034595611
1988-05-01,-3.3566557344470906,-2.5415641928363066,0.4967702548,0.0013473054,0.0626,0.032600000000000004,0.011399999999999993,0.0025557732
1988-06-01,-3.388842573347275,-2.535372806313768,0.4711188723,-0.0053979214,0.0646,0.0271,0.011400000000000007,0.0023613077
1988-07-01,-3.3751410221230684,-2.513774609178307,0.4739915349,-0.0028231284,0.0673,0.027400000000000008,0.01150000000000001,0.0019106187
1988-08-01,-3.327579248902544,-2.4584905234875607,0.4966406615,-0.0062397522,0.0706,0.024400000000000005,0.01100000000000001,0.0013903193
1988-09-01,-3.3583987461256246,-2.4817854913249597,0.4775404537,-0.0100015137,0.0724,0.019299999999999998,0.010800000000000004,0.0011927398
1988-10-01,-3.373861769970614,-2.4925711769725534,0.4695971889,-0.0104624725,0.0735,0.015400000000000011,0.008999999999999994,0.0016315424
1988-11-01,-3.344732790241863,-2.458869334543814,0.4771791101,-0.0077649556,0.0776,0.01469999999999999,0.010300000000000004,0.0013479967
1988-12-01,-3.3493461268753166,-2.459030881404422,0.465283574,-0.0214057475,0.0807,0.011100000000000013,0.010800000000000004,0.0006281109
1989-01-01,-3.409162593034201,-2.5108923628387165,0.4307694935,-0.0223605106,0.0827,0.0076000000000000095,0.010300000000000004,0.0009645729
1989-02-01,-3.3709860758434664,-2.4649574122426876,0.4467784572,-0.024823372,0.0853,0.008199999999999999,0.0097,0.001176079
1989-03-01,-3.3828500928093015,-2.4692600377454212,0.4686914136,-0.0231021339,0.0882,0.004699999999999996,0.0087,0.0012864519
1989-04-01,-3.419909014075921,-2.5146682500106037,0.4444352572,-0.0228019666,0.0865,0.005300000000000013,0.008199999999999999,0.0009555837
1989-05-01,-3.442764537060444,-2.545751016824896,0.4334415257,-0.0277140566,0.0843,0.003500000000000003,0.008900000000000005,0.0010730556
1989-06-01,-3.4232643481106444,-2.5343511571837896,0.440562937,-0.0239480705,0.0815,0.0006000000000000033,0.009300000000000003,0.0014295303
1989-07-01,-3.4962475397965425,-2.6394619422042296,0.404035089,-0.028536215,0.0788,0.0013000000000000095,0.009399999999999992,0.0010188257
1989-08-01,-3.5000820173464207,-2.675714820459273,0.3927270602,-0.0248221492,0.079,0.005099999999999993,0.0092,0.0013804507
1989-09-01,-3.4820853555374076,-2.6904486111213504,0.3992097504,-0.0257470986,0.0775,0.007199999999999998,0.008999999999999994,0.0005501917
1989-10-01,-3.446668638302202,-2.67655443794908,0.4064149288,-0.0243506384,0.0764,0.004600000000000007,0.008900000000000005,0.0056359108
1989-11-01,-3.453253081727524,-2.7047045511095043,0.3972257018,-0.0270327725,0.0769,0.0039000000000000007,0.0092,0.0008448088
1989-12-01,-3.4647177455761864,-2.7377745518509062,0.3904547436,-0.0123335365,0.0763,0.005299999999999999,0.009599999999999997,0.0009234228
1990-01-01,-3.385516307329996,-2.684119796103492,0.4149713959,-0.0138967896,0.0764,0.010099999999999998,0.009500000000000008,0.0028920477
1990-02-01,-3.38618810616289,-2.710584368446284,0.4091730897,-0.0117292028,0.0774,0.0102,0.0092,0.0010085783
1990-03-01,-3.4023747527288735,-2.752840315900938,0.4713339564,-0.0102914402,0.079,0.009900000000000006,0.00839999999999999,0.0010322447
1990-04-01,-3.365010052589703,-2.7319133890179037,0.480284256,-0.0101492797,0.0777,0.01469999999999999,0.00839999999999999,0.0009667774
1990-05-01,-3.4430026127715485,-2.826278170042815,0.4435699735,-0.0022618111,0.0774,0.010900000000000007,0.009399999999999992,0.0013614467
1990-06-01,-3.4241674130531323,-2.8237614778482434,0.4429494323,-0.0005072745,0.0773,0.00910000000000001,0.009599999999999997,0.0013508255
1990-07-01,-3.4140552062754965,-2.8110269254047604,0.4392124466,0.0048850583,0.0762,0.00979999999999999,0.009599999999999997,0.0012984369
1990-08-01,-3.310140688583538,-2.7045222056129608,0.4880735629,0.0014392103,0.0745,0.0175,0.009999999999999995,0.0058277892
1990-09-01,-3.2527717430425764,-2.6445946056040155,0.520289666,0.0013728769,0.0736,0.017799999999999996,0.01079999999999999,0.0019847915
1990-10-01,-3.2389778390814348,-2.644024249628396,0.5224519209,-0.0004706842,0.0717,0.018100000000000005,0.0121,0.0044927639
1990-11-01,-3.2901612394955198,-2.708424239142049,0.4985056551,0.0009098866,0.0706,0.015200000000000005,0.013200000000000003,0.0024398922
1990-12-01,-3.30771134106432,-2.73917585313008,0.4844968599,-0.0018459075,0.0674,0.017,0.013800000000000007,0.0007945958
1991-01-01,-3.347728686443716,-2.786120978810327,0.4663077997,0.0007215596,0.0622,0.0215,0.014100000000000001,0.0031935486
1991-02-01,-3.412181837361523,-2.85754572922146,0.4427204408,0.001246896,0.0594,0.024699999999999993,0.012399999999999994,0.0024313467
1991-03-01,-3.4334809630504637,-2.8858513151730736,0.4571255997,0.0032513958,0.0591,0.025300000000000003,0.0116,0.0013750555
1991-04-01,-3.4328121924048,-2.9108545151894805,0.4612395987,0.0057301566,0.0565,0.027199999999999995,0.010800000000000004,0.0020727745
1991-05-01,-3.4696416296627794,-2.9739864945004384,0.4399669694,0.0069821048,0.0546,0.029900000000000003,0.009999999999999995,0.001585169
1991-06-01,-3.4195510107668445,-2.9508448393040596,0.458243743,0.0142474894,0.0557,0.030299999999999994,0.009499999999999995,0.0011798904
1991-07-01,-3.4599241961099665,-3.0224123682466115,0.4403567816,0.0148355528,0.0558,0.029200000000000004,0.008900000000000005,0.0011053299
1991-08-01,-3.475893786232598,-3.070344205891905,0.4376396373,0.0173312983,0.0533,0.028499999999999998,0.009000000000000008,0.0020376369
1991-09-01,-3.453079776087511,-3.0803230277254317,0.441531837,0.023289044,0.0522,0.026799999999999997,0.009000000000000008,0.0004746966
1991-10-01,-3.466827054889143,-3.127333395319518,0.4340034538,0.0255088958,0.0499,0.029200000000000004,0.009399999999999992,0.0011256624
1991-11-01,-3.4238658994534115,-3.1189113512083675,0.4601544903,0.030689947,0.0456,0.033299999999999996,0.0097,0.0020490197
1991-12-01,-3.5316202026998593,-3.2625900636226404,0.4203444173,0.0318123844,0.0407,0.032299999999999995,0.009500000000000008,0.0020495495
1992-01-01,-3.5082227281611145,-3.237910259812231,0.4132296785,0.0319414665,0.038,0.0396,0.009300000000000003,0.0008724427
1992-02-01,-3.514447756490556,-3.2428649352771544,0.4076305252,0.0335560213,0.0384,0.03930000000000001,0.009399999999999992,0.0009132282
1992-03-01,-3.4890986759482137,-3.216253488993091,0.4021060342,0.041900538,0.0404,0.039299999999999995,0.008999999999999994,0.0004697573
1992-04-01,-3.5167149411060614,-3.226210769332828,0.3873034718,0.0386618101,0.0375,0.0428,0.008800000000000002,0.0016610436
1992-05-01,-3.517792066265976,-3.209929565238186,0.3829985163,0.0371754887,0.0363,0.041800000000000004,0.008500000000000008,0.0006900288
1992-06-01,-3.5003862946955655,-3.1754600490714138,0.3920423538,0.0430765596,0.0366,0.0399,0.008300000000000002,0.0007529192
1992-07-01,-3.536977492841532,-3.194908495801429,0.3833486997,0.0414947919,0.0321,0.0405,0.007700000000000012,0.000897463
1992-08-01,-3.5106642485636614,-3.1518089831733156,0.3994050369,0.0430499562,0.0313,0.041199999999999994,0.006999999999999992,0.0003695474
1992-09-01,-3.5177096836353114,-3.1424113344879876,0.3976569721,0.0411377823,0.0291,0.04189999999999999,0.006999999999999992,0.0008722412
1992-10-01,-3.520080011332367,-3.1252998663704536,0.4032511778,0.0410960987,0.0286,0.0455,0.008500000000000008,0.0009441448
1992-11-01,-3.5501673467206794,-3.1362595487123115,0.3936264585,0.0379866517,0.0313,0.043500000000000004,0.008599999999999997,0.0005080947
1992-12-01,-3.5604908214908733,-3.12781224669454,0.3941096142,0.0388286878,0.0322,0.0404,0.008300000000000002,0.0004715523
1993-01-01,-3.5649880229908235,-3.1218226584857667,0.3930481045,0.0417538423,0.03,0.042499999999999996,0.007599999999999996,0.0003488508
1993-02-01,-3.572891323277257,-3.119407958209358,0.3859601969,0.0407281702,0.0293,0.0405,0.0068000000000000005,0.0011468965
1993-03-01,-3.588904593166543,-3.125251722835533,0.3336135264,0.0371064145,0.0295,0.0407,0.005699999999999997,0.001004725
1993-04-01,-3.5619819346299204,-3.108111819486517,0.334349806,0.0398126855,0.0287,0.04139999999999999,0.0068000000000000005,0.001004785
1993-05-01,-3.5832772919180753,-3.1392552503061664,0.3248824215,0.0402546288,0.0296,0.040499999999999994,0.007800000000000001,0.0008173082
1993-06-01,-3.582857713924109,-3.148766374285765,0.3259312476,0.0411540214,0.0307,0.03609999999999999,0.00739999999999999,0.0005738514
1993-07-01,-3.5776202296908415,-3.124972476241721,0.3237770308,0.0410077869,0.0304,0.03520000000000001,0.007599999999999996,0.0006089625
1993-08-01,-3.611584499419972,-3.1407066727136126,0.3138649833,0.0401929369,0.0302,0.032100000000000004,0.007499999999999993,0.0002815688
1993-09-01,-3.601650202706259,-3.112872716162031,0.3223518215,0.0418407109,0.0295,0.03320000000000001,0.0068000000000000005,0.0004706748
1993-10-01,-3.6193170222372624,-3.1081979408203675,0.3113628329,0.0403671364,0.0302,0.032100000000000004,0.006400000000000003,0.0003142271
1993-11-01,-3.6047762190378494,-3.0718735377606707,0.3110794108,0.0438375603,0.031,0.034100000000000005,0.007300000000000001,0.0005763517
1993-12-01,-3.613281084341952,-3.0591209218721986,0.3052672229,0.0457268699,0.0306,0.0348,0.007599999999999996,0.0002696821
1994-01-01,-3.64182802927731,-3.07869689013908,0.2880585672,0.0436711352,0.0298,0.033900000000000007,0.007300000000000001,0.0004234883
1994-02-01,-3.6078893655089392,-3.035930987592574,0.2990588209,0.0450411316,0.0325,0.035699999999999996,0.0068000000000000005,0.0010260765
1994-03-01,-3.5576501012139685,-2.9769977678188986,0.3074838051,0.0419050878,0.035,0.03749999999999999,0.006499999999999992,0.0008921025
1994-04-01,-3.5657600211317533,-2.952566661215472,0.3036647862,0.0398456593,0.0368,0.0377,0.006400000000000003,0.001373668
1994-05-01,-3.574767178185879,-2.930257737963018,0.2974694757,0.0396410671,0.0414,0.034499999999999996,0.0063,0.0007505029
1994-06-01,-3.5442566713944177,-2.869588491200144,0.3084170767,0.033995564,0.0414,0.036,0.0068000000000000005,0.0007971327
1994-07-01,-3.5729588536596095,-2.8727858921457963,0.2969853808,0.0312112174,0.0433,0.0313,0.0068999999999999895,0.0003272825
1994-08-01,-3.607628062003333,-2.8827040690184793,0.2856838193,0.0287065182,0.0448,0.0313,0.0067000000000000115,0.0005603876
1994-09-01,-3.5780918384121305,-2.8291155080152084,0.2909046586,0.0290032948,0.0462,0.033800000000000004,0.006400000000000003,0.000801893
1994-10-01,-3.5923632695298426,-2.810627113546189,0.2860712737,0.0260004953,0.0495,0.0314,0.0063,0.001158428
1994-11-01,-3.545741287593467,-2.732684956475911,0.2989926143,0.022917147,0.0529,0.027899999999999994,0.006400000000000003,0.0008363991
1994-12-01,-3.5516967566569093,-2.708638263453764,0.2915683,0.0165942926,0.056,0.023899999999999998,0.006400000000000003,0.000704923
1995-01-01,-3.575684396932208,-2.711606536504987,0.2908537344,0.0150933699,0.0571,0.020900000000000002,0.006200000000000011,0.0002893766
1995-02-01,-3.6111231081963044,-2.7264586141606952,0.2787300356,0.0145320951,0.0577,0.018100000000000005,0.005899999999999989,0.0004724141
1995-03-01,-3.6380855754204164,-2.733249722521028,0.3138765419,0.0143885983,0.0573,0.0182,0.0058,0.0004843058
1995-04-01,-3.660837028813699,-2.741755812951892,0.3019947008,0.0130124069,0.0565,0.017999999999999995,0.005699999999999997,0.0002569204
1995-05-01,-3.6917106046478185,-2.758713180888651,0.2922642542,0.010743778,0.0567,0.010999999999999996,0.005500000000000005,0.0010114421
1995-06-01,-3.7079869582179725,-2.761398696474297,0.2864296179,0.0082749191,0.0547,0.012300000000000005,0.006000000000000005,0.0006967643
1995-07-01,-3.7339463515120443,-2.7854454538485762,0.2771603672,0.0070611198,0.0542,0.014899999999999997,0.0063,0.0007732277
1995-08-01,-3.728324581995689,-2.7779422451439686,0.2830461347,0.0091214683,0.054,0.013400000000000002,0.006199999999999997,0.0002067297
1995-09-01,-3.7623729254775635,-2.8101250519881504,0.2724949976,0.006379353,0.0528,0.013499999999999998,0.006099999999999994,0.0003814536
1995-10-01,-3.752164533565487,-2.8167611210379024,0.2744202453,0.0122212523,0.0528,0.011300000000000004,0.0063,0.0004878173
1995-11-01,-3.7872039018496326,-2.8687517690594637,0.2571688515,0.0168709535,0.0536,0.0087,0.006599999999999995,0.0005461627
1995-12-01,-3.7993346720581638,-2.897949959269636,0.2550263829,0.0155265173,0.0514,0.008899999999999998,0.006699999999999998,0.0008205365
1996-01-01,-3.823823299844693,-2.9292607377704716,0.2418771721,0.0161278629,0.05,0.0109,0.006600000000000009,0.0013839551
1996-02-01,-3.8231753575858467,-2.935388201149576,0.2378947371,0.0168013686,0.0483,0.017599999999999998,0.006400000000000003,0.0012676309
1996-03-01,-3.823566765191128,-2.9424889065815236,0.2392996154,0.0168919131,0.0496,0.018800000000000004,0.0068000000000000005,0.0017417161
1996-04-01,-3.832924982035051,-2.9473476490472725,0.2400758062,0.0211219538,0.0495,0.021099999999999994,0.006900000000000003,0.0009818376
1996-05-01,-3.8515460863075535,-2.9615318664922055,0.2369235155,0.0264191545,0.0502,0.0215,0.0068000000000000005,0.0011252912
1996-06-01,-3.8498479284411316,-2.955444247971818,0.2364437252,0.0272161737,0.0509,0.0194,0.006900000000000003,0.0003948038
1996-07-01,-3.7939327013078485,-2.898263744495316,0.2418198938,0.0311368642,0.0515,0.019200000000000002,0.007000000000000006,0.0023551484
1996-08-01,-3.8035591336592987,-2.9066532186626635,0.2380611179,0.0308861056,0.0505,0.022099999999999995,0.007199999999999998,0.0011215207
1996-09-01,-3.847389917171492,-2.9492664892527856,0.2272973181,0.0295807368,0.0509,0.019500000000000003,0.006900000000000003,0.000686243
1996-10-01,-3.8678597956376524,-2.9500981911761337,0.2217476558,0.0256558088,0.0499,0.017200000000000007,0.0068000000000000005,0.000606645
1996-11-01,-3.9333648209469425,-2.996551609937393,0.2050079191,0.0220673413,0.0503,0.013999999999999999,0.006900000000000003,0.0007037354
1996-12-01,-3.906355589926097,-2.951035193004638,0.2073427297,0.0241256867,0.0491,0.0182,0.006900000000000003,0.0017090846
1997-01-01,-3.9622951998967353,-2.997634458074083,0.1962401029,0.0244069327,0.0503,0.018600000000000005,0.006699999999999998,0.0013600822
1997-02-01,-3.964640252900873,-2.990795187904119,0.1943954108,0.0229109266,0.0501,0.019300000000000005,0.0063,0.0014747914
1997-03-01,-3.917545942245285,-2.934660235558484,0.2147802023,0.0211485434,0.0514,0.020900000000000002,0.0063,0.0020014615
1997-04-01,-3.9720542662426452,-2.9888599925793025,0.2017410478,0.0169452901,0.0516,0.018899999999999993,0.006100000000000008,0.003005081
1997-05-01,-4.0267295433908,-3.043225711994618,0.1928785879,0.0132644502,0.0505,0.019599999999999992,0.006199999999999997,0.0020074558
1997-06-01,-4.067019483487831,-3.0832100440258534,0.184287615,0.010846707,0.0493,0.019500000000000003,0.006099999999999994,0.0019744632
1997-07-01,-4.13846895742606,-3.1576922740855884,0.171964943,0.0115926587,0.0505,0.013200000000000003,0.006099999999999994,0.0020102151
1997-08-01,-4.0755423704506875,-3.0977913592740496,0.1855054038,0.012877263,0.0514,0.015799999999999995,0.006000000000000005,0.0024647217
1997-09-01,-4.12358735156845,-3.148841916752475,0.177967857,0.0146342661,0.0495,0.015399999999999997,0.005500000000000005,0.0026264943
1997-10-01,-4.084940189478857,-3.1213312479859088,0.1900006773,0.0162628256,0.0497,0.0126,0.005699999999999997,0.0093638214
1997-11-01,-4.125019603722656,-3.172583369520963,0.1807462988,0.0156672081,0.0514,0.010000000000000002,0.005500000000000005,0.00266211
1997-12-01,-4.137092815433343,-3.195884433061569,0.1788008842,0.0155594713,0.0516,0.008599999999999997,0.005600000000000008,0.0022493744
1998-01-01,-4.144099201631061,-3.2074951220501284,0.1788402734,0.0137396363,0.0504,0.0085,0.0058,0.0024688425
1998-02-01,-4.209094578486406,-3.27708755582872,0.1654630971,0.0120563774,0.0509,0.009000000000000001,0.0058,0.0010533477
1998-03-01,-4.254759432029992,-3.3273422859796256,0.181140396,0.0164888614,0.0503,0.009899999999999999,0.006000000000000005,0.0011367858
1998-04-01,-4.257231289080908,-3.3411946545273934,0.1758729222,0.0164053658,0.0495,0.0109,0.006400000000000003,0.001614764
1998-05-01,-4.231704778009526,-3.3270291683078868,0.1791022057,0.0190752061,0.05,0.0092,0.006099999999999994,0.0009588233
1998-06-01,-4.263906551627796,-3.3705732615080324,0.178060606,0.0240105767,0.0498,0.007800000000000001,0.006000000000000005,0.0020973439
1998-07-01,-4.248199926632953,-3.3664446481789687,0.1794381089,0.0253535652,0.0496,0.008800000000000002,0.0059999999999999915,0.0022281758
1998-08-01,-4.086600514930241,-3.2164734604759935,0.2114320916,0.0285190292,0.049,0.005699999999999997,0.006200000000000011,0.009333917
1998-09-01,-4.143135709666517,-3.2846704483513967,0.2032484042,0.0240829091,0.0461,0.005600000000000001,0.006900000000000003,0.0099710169
1998-10-01,-4.219298019060163,-3.3652357327596825,0.1855190768,0.0207400892,0.0396,0.014399999999999996,0.008099999999999996,0.0051715275
1998-11-01,-4.275665957621882,-3.4260201772659844,0.1748468445,0.0220035773,0.0441,0.009399999999999999,0.009300000000000003,0.0019366789
1998-12-01,-4.329440683453013,-3.48421792480604,0.1736113154,0.0200570294,0.0439,0.010299999999999997,0.010100000000000005,0.0032868972
1999-01-01,-4.3644151344692865,-3.518504713066352,0.1703206191,0.0155876993,0.0434,0.0102,0.01050000000000001,0.0033356136
1999-02-01,-4.326416843865045,-3.4798176118368587,0.1712768096,0.0184466675,0.0444,0.0143,0.009899999999999992,0.0034821497
1999-03-01,-4.359314892167221,-3.512043086677689,0.1728971707,0.0206681224,0.0444,0.0148,0.00910000000000001,0.0032135873
1999-04-01,-4.396574946473148,-3.526615204357765,0.1568258764,0.0251812663,0.0429,0.0165,0.008400000000000005,0.002726626
1999-05-01,-4.371311798946327,-3.4791605839841666,0.1602311354,0.0258974347,0.045,0.0165,0.007900000000000004,0.0030856487
1999-06-01,-4.42433827787127,-3.5104824144997897,0.1542274468,0.0188685806,0.0457,0.017000000000000008,0.00789999999999999,0.0024092465
1999-07-01,-4.387865794051987,-3.4543017335073753,0.1587964727,0.0193704415,0.0455,0.0184,0.007599999999999996,0.0016111779
1999-08-01,-4.377699478497794,-3.4249626821985824,0.1562430269,0.0188807383,0.0472,0.0177,0.007500000000000007,0.0027298485
1999-09-01,-4.344860776589405,-3.3734501767951914,0.1636844982,0.0203796791,0.0468,0.017800000000000003,0.00810000000000001,0.0027049432
1999-10-01,-4.40450149156448,-3.402688664981629,0.1576906607,0.0204452369,0.0486,0.016500000000000008,0.008300000000000002,0.0048759751
1999-11-01,-4.422363954036967,-3.3911031346402276,0.1555459671,0.0182804544,0.0507,0.015499999999999993,0.007900000000000004,0.0013542672
1999-12-01,-4.477577782763454,-3.4177709248506307,0.1471672594,0.0178887565,0.052,0.0162,0.006400000000000003,0.0011487749
2000-01-01,-4.423938054878034,-3.3464706997741467,0.15465416,0.0253587807,0.0532,0.013400000000000009,0.005500000000000005,0.0052062998
2000-02-01,-4.402226056187224,-3.307460563045661,0.1670564326,0.027418814,0.0555,0.009100000000000004,0.006100000000000008,0.0030004662
2000-03-01,-4.4931588523750365,-3.3814285123830174,0.1499735618,0.0182913901,0.0569,0.004900000000000002,0.006900000000000003,0.0066783159
2000-04-01,-4.463030952415649,-3.3438231459436056,0.1526004182,0.0119449458,0.0566,0.006400000000000003,0.0076000000000000095,0.0079417469
2000-05-01,-4.442031639960686,-3.3153768796096763,0.1556687311,0.0091785275,0.0579,0.006100000000000001,0.009099999999999997,0.0051854234
2000-06-01,-4.466838016020212,-3.3327821553246055,0.1567779616,0.0071242127,0.0569,0.005299999999999999,0.008099999999999996,0.0023597572
2000-07-01,-4.457511302057062,-3.304943503608637,0.155674151,0.0047122339,0.0596,0.0015000000000000013,0.007000000000000006,0.0020654329
2000-08-01,-4.523640483168055,-3.352635034731566,0.146053064,0.0046746382,0.0609,-0.0015000000000000013,0.007100000000000009,0.0010392529
2000-09-01,-4.475927445490471,-3.286558838244723,0.1537894629,0.0044689258,0.06,0.0011999999999999997,0.007300000000000001,0.0015999952
2000-10-01,-4.472514544008221,-3.3048313721468716,0.1493007889,0.0037442804,0.0611,-0.0011000000000000038,0.007900000000000004,0.0055682093
2000-11-01,-4.390615832894612,-3.24516420981715,0.1572808929,0.0011574522,0.0617,-0.0040999999999999995,0.008300000000000002,0.0032724144
2000-12-01,-4.396214732140832,-3.2735761088698685,0.1518515036,-0.0022617472,0.0577,-0.001899999999999999,0.008099999999999996,0.0052992481
2001-01-01,-4.436386559722948,-3.338498018987097,0.1504496662,-0.0031925908,0.0515,0.004700000000000003,0.007800000000000001,0.004941018
2001-02-01,-4.345720976990203,-3.2735220948117743,0.1560700913,-0.0068557205,0.0488,0.006099999999999994,0.007700000000000012,0.0025284102
2001-03-01,-4.285559929593664,-3.240066951988588,0.1331135514,-0.0052134444,0.0442,0.011699999999999995,0.008599999999999997,0.0071395945
2001-04-01,-4.365576320783312,-3.3796294325242546,0.1224969006,-0.0025430255,0.0387,0.0206,0.0087,0.0074262611
2001-05-01,-4.376692983735494,-3.454865607302754,0.120510188,-0.0002482857,0.0362,0.0232,0.0077999999999999875,0.0025362374
2001-06-01,-4.357453946678575,-3.5049964723523663,0.1252094328,0.0050407545,0.0349,0.024099999999999996,0.00789999999999999,0.0015083583
2001-07-01,-4.345558979110116,-3.5741111213337295,0.1249665833,0.0079138367,0.0351,0.020999999999999998,0.00839999999999999,0.0028996134
2001-08-01,-4.278246788565765,-3.5947488575480153,0.1321641438,0.0099183208,0.0336,0.021000000000000005,0.008300000000000002,0.0022215212
2001-09-01,-4.191928348979534,-3.6046643309424833,0.1486285882,0.008652734,0.0264,0.0278,0.008599999999999997,0.0071675937
2001-10-01,-4.209782927604504,-3.6661611267055525,0.1449013996,0.0107492736,0.0216,0.028999999999999998,0.008800000000000002,0.0032497725
2001-11-01,-4.282178321372422,-3.7841854213684436,0.1334813667,0.0111617665,0.0187,0.0366,0.008400000000000005,0.002189358
2001-12-01,-4.28964101787342,-3.8394479575055884,0.1312178459,0.0134648247,0.0169,0.040600000000000004,0.012800000000000006,0.0017979581
2002-01-01,-4.274154323112603,-3.8236179354188486,0.1325605487,0.0111912895,0.0165,0.0404,0.013200000000000003,0.0021838795
2002-02-01,-4.253385515243487,-3.8024953690512175,0.1301190857,0.0124990208,0.0172,0.0391,0.013799999999999993,0.002567843
2002-03-01,-4.289675359703148,-3.8384418331394023,0.2368334023,0.0137594442,0.0179,0.0425,0.013000000000000012,0.0020148209
2002-04-01,-4.219764024469622,-3.7478989317026783,0.2477323126,0.015106854,0.0171,0.040400000000000005,0.012700000000000003,0.002319778
2002-05-01,-4.2041567508495525,-3.7123358799950954,0.2482556141,0.0222773404,0.0173,0.040499999999999994,0.013399999999999995,0.0041016102
2002-06-01,-4.1224897491626304,-3.6113524338440746,0.2665725018,0.0275227705,0.017,0.039599999999999996,0.013200000000000003,0.0037079467
2002-07-01,-4.045200303160939,-3.48874940111177,0.2820321945,0.0284410263,0.0168,0.037599999999999995,0.013700000000000004,0.0153427907
2002-08-01,-4.0550952994243445,-3.454868059764967,0.284411556,0.0247476984,0.0162,0.0348,0.0121,0.0094092909
2002-09-01,-3.9435972312791616,-3.3010140512739397,0.3245551555,0.029299296,0.0163,0.031700000000000006,0.012499999999999997,0.0073661128
2002-10-01,-4.020712001107434,-3.4114796972585015,0.2934370638,0.025670932,0.0158,0.034999999999999996,0.014099999999999988,0.0115896355
2002-11-01,-4.070464758331704,-3.4953215853888735,0.2769754993,0.0229075973,0.0123,0.0398,0.0131,0.0044490751
2002-12-01,-4.002514281304906,-3.462263952866238,0.2953858956,0.0257359814,0.0119,0.0365,0.012399999999999994,0.002639538
2003-01-01,-3.97161100216909,-3.4020157601494043,0.3059423072,0.0282889555,0.0117,0.0378,0.011799999999999998,0.0051675744
2003-02-01,-3.951364988491539,-3.353435250599266,0.3122513206,0.0279187105,0.0117,0.0355,0.011099999999999999,0.0025641197
2003-03-01,-3.956601250009226,-3.3312853166438274,0.2861177008,0.0240985953,0.0113,0.0373,0.010600000000000005,0.0061361179
2003-04-01,-4.03574358833124,-3.3637576218523715,0.2696540306,0.0199668846,0.0113,0.0368,0.011100000000000006,0.0030648098
2003-05-01,-4.08659954141153,-3.3699248809383464,0.2583755061,0.0064481102,0.0107,0.0329,0.011599999999999992,0.0022283195
2003-06-01,-4.099086369390221,-3.339527230353939,0.2544883373,0.0012618836,0.0092,0.036,0.012199999999999996,0.0019977007
2003-07-01,-4.106527817090342,-3.317467376876076,0.2476433348,0.0002715813,0.009,0.0452,0.011299999999999998,0.0020460156
2003-08-01,-4.115669324352394,-3.298438535127772,0.2428560733,0.0029170177,0.0095,0.043699999999999996,0.011299999999999998,0.0009660564
2003-09-01,-4.095158170620028,-3.250983129171457,0.2465417826,0.0073234015,0.0094,0.0396,0.010700000000000001,0.0018690885
2003-10-01,-4.13273425911437,-3.2203449584509345,0.2333089667,0.0072114259,0.0092,0.0426,0.010299999999999997,0.0014076127
2003-11-01,-4.124153197219051,-3.1498416891913625,0.2337541521,0.0100007887,0.0093,0.0426,0.010100000000000005,0.0009196631
2003-12-01,-4.158235764316677,-3.127343481579442,0.2187398648,0.0069463157,0.009,0.0421,0.009800000000000003,0.0008937
2004-01-01,-4.163187152816102,-3.1224214271047033,0.218027721,0.0068865017,0.0088,0.0411,0.009000000000000001,0.0009787934
2004-02-01,-4.163291268911948,-3.1129833267840272,0.2160532204,0.0093613224,0.0093,0.03900000000000001,0.0077000000000000055,0.0006107509
2004-03-01,-4.134909089068664,-3.0753695736171793,0.2817314655,0.0122820384,0.0094,0.038,0.007800000000000001,0.0019812495
2004-04-01,-4.107341142925132,-3.032181935731811,0.2853718668,0.0137662795,0.0094,0.0437,0.007300000000000008,0.0012309377
2004-05-01,-4.108834951201214,-3.018608577891972,0.2864115739,0.0163300833,0.0102,0.0437,0.007100000000000002,0.0009776153
2004-06-01,-4.116251010338664,-3.011493430974487,0.279631603,0.0144914269,0.0127,0.040499999999999994,0.0076999999999999985,0.0007707704
2004-07-01,-4.071356281732223,-2.9670300456073972,0.2877883095,0.0147206707,0.0133,0.039,0.007999999999999993,0.0007770943
2004-08-01,-4.063737571700008,-2.9598343580943123,0.2868206158,0.0142786966,0.0148,0.034499999999999996,0.008100000000000003,0.001442852
2004-09-01,-4.063251594831171,-2.9597633215243553,0.2894853015,0.0091322561,0.0165,0.0323,0.008100000000000003,0.0007056832
2004-10-01,-4.072327186714972,-2.9691897689932265,0.2910095966,0.0074288562,0.0176,0.0302,0.007400000000000004,0.0012304685
2004-11-01,-4.105377928103084,-3.0025881145994173,0.2798316459,0.01217691,0.0207,0.029500000000000002,0.0068000000000000005,0.0008574256
2004-12-01,-4.132525483451191,-3.0300800678063426,0.2706192427,0.0130015047,0.0219,0.0265,0.0068000000000000005,0.0007278502
2005-01-01,-4.093574501467721,-2.9950011247207913,0.2781798561,0.0135454958,0.0233,0.0232,0.006599999999999995,0.0008214051
2005-02-01,-4.0991416931485265,-3.0043552537561764,0.2710410236,0.0117584139,0.0254,0.0225,0.006200000000000004,0.0008344437
2005-03-01,-4.066850129556806,-2.9757650694477737,0.3198568893,0.009097231,0.0274,0.021400000000000002,0.006600000000000002,0.0008598946
2005-04-01,-4.0350674050363455,-2.9387649139666827,0.3296244007,0.0079355619,0.0278,0.018300000000000004,0.007199999999999998,0.0018258937
2005-05-01,-4.053235642859484,-2.9518627746473616,0.3209655046,0.0047766126,0.0284,0.015599999999999996,0.008600000000000003,0.000859416
2005-06-01,-4.041880992686359,-2.9355723911843956,0.3269790569,0.0053656599,0.0297,0.0132,0.009000000000000001,0.0005421187
2005-07-01,-4.0685573219081475,-2.9541359755037195,0.3157342746,0.0044800758,0.0322,0.013400000000000002,0.008899999999999998,0.0006499082
2005-08-01,-4.048686085560667,-2.9263543344911156,0.3205331247,0.0054049394,0.0344,0.008800000000000002,0.0087,0.0006967234
2005-09-01,-4.047098312956557,-2.917050782327637,0.3178915098,0.0067164013,0.0342,0.012199999999999996,0.009000000000000001,0.0006599007
2005-10-01,-4.017700239881922,-2.882441462955091,0.3218081871,0.0057493057,0.0371,0.011299999999999998,0.009500000000000001,0.0018179863
2005-11-01,-4.0409095510392135,-2.9005879947013575,0.3109143456,0.0057679659,0.0388,0.009299999999999996,0.0097,0.0005398989
2005-12-01,-4.028717143725602,-2.8834661768721572,0.3134779566,0.0030588856,0.0389,0.007200000000000005,0.009500000000000008,0.0004329976
2006-01-01,-4.045380316943824,-2.89514800447013,0.3092262579,-0.0004457404,0.0424,0.0049999999999999975,0.009499999999999995,0.0009754252
2006-02-01,-4.0374154835234055,-2.882315189076432,0.3056103611,0.0020383228,0.0443,0.0013999999999999985,0.009200000000000007,0.0006485364
2006-03-01,-4.040107047764665,-2.8802369383656856,0.3160094407,0.0021519945,0.0451,0.005600000000000001,0.008800000000000002,0.0005452508
2006-04-01,-4.042679830428181,-2.884005270068596,0.3088419778,-0.0034725183,0.046,0.007199999999999998,0.008399999999999998,0.0005998073
2006-05-01,-4.0018592136936455,-2.8443562217223732,0.3143403075,-0.0026567382,0.0472,0.0063,0.008000000000000007,0.0013551637
2006-06-01,-3.9926136771991367,-2.836264759180689,0.3148502899,-0.0021954894,0.0479,0.005200000000000003,0.008899999999999998,0.0021028157
2006-07-01,-3.9883561986469678,-2.8232448657662914,0.3138521753,-0.0023631203,0.0495,0.0022999999999999965,0.00909999999999999,0.0014516632
2006-08-01,-4.000167361002613,-2.8265247138281007,0.3084617987,-0.0084739867,0.0496,0.0,0.009099999999999997,0.0004692515
2006-09-01,-4.015277220726645,-2.8333331251563987,0.3005932835,-0.0094934856,0.0481,0.00030000000000000165,0.009199999999999993,0.0005133952
2006-10-01,-4.035455834017739,-2.8519591544775595,0.2905991608,-0.00893474,0.0492,-0.0011000000000000038,0.00909999999999999,0.0004505882
2006-11-01,-4.041065492421904,-2.8560476285762615,0.2872418677,-0.0151110288,0.0494,-0.002700000000000001,0.0087,0.0005921951
2006-12-01,-4.042989223647789,-2.8564885381941956,0.2816823997,-0.0150367791,0.0485,0.0005999999999999964,0.009000000000000001,0.0003575308
2007-01-01,-4.048813680832068,-2.8637649510968846,0.2781442105,-0.0139866635,0.0498,0.0004000000000000045,0.009399999999999999,0.0004504838
2007-02-01,-4.018650377937403,-2.83503748585796,0.2861484942,-0.0151410241,0.0503,-0.002599999999999998,0.008899999999999991,0.0014768552
2007-03-01,-4.020574470715256,-2.838371395437049,0.2690500135,-0.0124863526,0.0494,-0.00010000000000000286,0.009700000000000007,0.0015875259
2007-04-01,-4.054155754488722,-2.8736782883805683,0.2544561689,-0.0089118997,0.0487,0.0001999999999999988,0.0092,0.0005821462
2007-05-01,-4.077460811230365,-2.8986845584045717,0.2439114941,-0.0102831177,0.0473,0.003699999999999995,0.0092,0.0006965734
2007-06-01,-4.050837513699607,-2.873733350388295,0.24789561,-0.0110640056,0.0461,0.005999999999999998,0.009100000000000004,0.0014724362
2007-07-01,-4.00809518980528,-2.866348392651859,0.2515849644,-0.0152618551,0.0482,0.001899999999999999,0.009200000000000007,0.0024262615
2007-08-01,-4.010738933438122,-2.904898019748221,0.2488398512,-0.0121975375,0.042,0.006699999999999998,0.008600000000000003,0.0051339638
2007-09-01,-4.0358748530557556,-2.9665159668553223,0.2392074367,-0.013015004,0.0389,0.010000000000000002,0.0085,0.0018684768
2007-10-01,-4.041316530477587,-3.035338660470889,0.2386170601,-0.0179547999,0.039,0.009000000000000001,0.008199999999999999,0.0016828778
2007-11-01,-3.9870834004214966,-3.0475011327014174,0.2485796916,-0.025158604,0.0327,0.011799999999999998,0.009600000000000004,0.005636836
2007-12-01,-3.9693144296374907,-3.099512531066547,0.2505829731,-0.0406372941,0.03,0.015,0.011600000000000006,0.0023453304
2008-01-01,-3.899372592549001,-3.0659948824578436,0.2627544223,-0.0431791533,0.0275,0.0161,0.0121,0.0048317857
2008-02-01,-3.8572112618286343,-3.0611141594247995,0.270979321,-0.0496082153,0.0212,0.0226,0.012899999999999995,0.0032256417
2008-03-01,-3.8444979075018217,-3.0865952614563037,0.2540575672,-0.0518315586,0.0126,0.030600000000000002,0.0138,0.0063376728
2008-04-01,-3.886130427068993,-3.184119287166066,0.2430146964,-0.0488447293,0.0129,0.0329,0.014199999999999997,0.0029037295
2008-05-01,-3.8919561990312803,-3.2485594760176,0.2465106122,-0.0454623897,0.0173,0.0302,0.013600000000000001,0.001640653
2008-06-01,-3.7973002030683567,-3.2155610124344864,0.2744913881,-0.0473768859,0.0186,0.0274,0.013899999999999996,0.0034252405
2008-07-01,-3.78574586323079,-3.241456415926595,0.2738156551,-0.0469318453,0.0163,0.0302,0.014899999999999997,0.0044658468
2008-08-01,-3.7962158549133607,-3.290704482668162,0.2698892455,-0.0463334367,0.0172,0.027700000000000002,0.015099999999999995,0.0034478472
2008-09-01,-3.6993944355899635,-3.234089218311848,0.2871235482,-0.0489228444,0.0113,0.033,0.016599999999999997,0.0237746692
2008-10-01,-3.519168693105829,-3.3038491627690285,0.3340993736,-0.0559541667,0.0067,0.041100000000000005,0.02600000000000001,0.0580885247
2008-11-01,-3.446807022611989,-3.5699089499747534,0.3528673559,-0.0527795751,0.0019,0.0353,0.030900000000000004,0.0362568805
2008-12-01,-3.4600680761373637,-4.105981340622804,0.3549842247,-0.0244984636,0.0003,0.03,0.0338,0.0200900813
2009-01-01,-3.3838986057625684,-4.214464503193927,0.3893931402,-0.0250561378,0.0013,0.038099999999999995,0.030899999999999997,0.011971096
2009-02-01,-3.28100756237336,-4.345202008048076,0.441103055,-0.0249274947,0.003,0.037099999999999994,0.0281,0.0099612092
2009-03-01,-3.376708686394564,-4.756238235173014,0.4461408452,-0.0374273876,0.0021,0.0334,0.029199999999999997,0.0203643787
2009-04-01,-3.487005638472275,-4.814910194480225,0.4155974692,-0.030993037,0.0016,0.039400000000000004,0.03,0.0075510403
2009-05-01,-3.559677217720816,-4.836482331761346,0.3993550839,-0.0243487574,0.0018,0.0414,0.025200000000000007,0.0063811403
2009-06-01,-3.5812763173013256,-4.807398800540686,0.4018764058,-0.0220974913,0.0018,0.0411,0.0189,0.0034725262
2009-07-01,-3.6750931236510267,-4.677399457487832,0.3701258558,-0.013781643,0.0018,0.041199999999999994,0.016800000000000002,0.0037710547
2009-08-01,-3.7309097776721583,-4.542775429003003,0.3574715573,-0.0079214037,0.0017,0.0398,0.013199999999999996,0.002177724
2009-09-01,-3.7893453698433657,-4.43434213370493,0.3495214306,-1.43322e-05,0.0012,0.0391,0.011800000000000005,0.0019126285
2009-10-01,-3.790471495555785,-3.7105270736503346,0.3495052369,0.0031975992,0.0007,0.0413,0.0114,0.0038979663
2009-11-01,-3.8677863497090965,-3.3572969726902486,0.3281491062,0.0075319203,0.0005,0.0401,0.011300000000000004,0.002001319
2009-12-01,-3.90741521773321,-3.085462141619366,0.3255306601,0.0105944679,0.0005,0.0453,0.011100000000000006,0.0009334353
2010-01-01,-3.877221687630938,-2.984684176994636,0.3371946683,0.0134096854,0.0006,0.0435,0.009899999999999999,0.0019917025
2010-02-01,-3.9128744393304187,-2.9534428052043644,0.328771382,0.0139320766,0.0011,0.043000000000000003,0.009899999999999999,0.0023732454
2010-03-01,-3.9776024610480456,-2.9545460653337354,0.3818781703,0.0263901075,0.0015,0.0443,0.010000000000000009,0.0006334088
2010-04-01,-3.990233510131284,-2.935999604912668,0.3766061292,0.0266511206,0.0016,0.042100000000000005,0.009599999999999997,0.0017938348
2010-05-01,-3.902680964159568,-2.8183383423124253,0.4090027948,0.0257196642,0.0016,0.0391,0.0109,0.0081078432
2010-06-01,-3.845280305272236,-2.7318191201622195,0.4241765415,0.0187758808,0.0012,0.0364,0.013499999999999998,0.0055917548
2010-07-01,-3.9070291411573845,-2.7749633622702055,0.3961335532,0.0155567614,0.0016,0.0361,0.012900000000000002,0.0033487858
2010-08-01,-3.8536685117614584,-2.70351521842354,0.4139816191,0.0112177194,0.0016,0.0311,0.011699999999999995,0.0027046021
2010-09-01,-3.932875079099645,-2.7651158376539726,0.3843057828,0.0033375091,0.0015,0.0326,0.011299999999999998,0.0023371834
2010-10-01,-3.9634782206598893,-2.7761615152711245,0.3728872859,0.0072316415,0.0013,0.0354,0.0104,0.0010800704
2010-11-01,-3.9556221008707078,-2.7493381887257273,0.3766947543,0.0147980073,0.0014,0.0366,0.010500000000000002,0.001737952
2010-12-01,-4.013350585608876,-2.788651650765824,0.3581003169,0.0126118489,0.0014,0.04,0.010799999999999997,0.000832136
2011-01-01,-4.025500988104683,-2.794123324700265,0.3486322237,0.0153678849,0.0015,0.0417,0.010500000000000002,0.0008632301
2011-02-01,-4.046818848115427,-2.80894018122083,0.3390965735,0.0159181079,0.0013,0.041299999999999996,0.009299999999999996,0.0010655334
2011-03-01,-4.035734025465327,-2.7915249471788766,0.3542699394,0.0124760224,0.001,0.0419,0.009000000000000001,0.0023472643
2011-04-01,-4.05096961450831,-2.80918214342139,0.3406968012,0.0093802004,0.0006,0.040999999999999995,0.008599999999999997,0.0006365303
2011-05-01,-4.024674548653017,-2.7852561874892148,0.3472221891,0.0091168436,0.0004,0.038700000000000005,0.008199999999999999,0.0009342036
2011-06-01,-3.9937095752144396,-2.756603765567897,0.3515700392,0.0117335532,0.0004,0.0405,0.007600000000000003,0.0022947474
2011-07-01,-3.960563641813106,-2.722610372553019,0.359418903,0.0123705605,0.0004,0.0374,0.008300000000000002,0.00183074
2011-08-01,-3.890787924202854,-2.652008111017097,0.3758125221,0.0127265619,0.0002,0.0313,0.009899999999999999,0.0192222162
2011-09-01,-3.805139018080491,-2.5655505527973936,0.399922847,0.0130493015,0.0001,0.0264,0.011799999999999998,0.0069158594
2011-10-01,-3.8911109829902903,-2.6679721200158024,0.3650779046,0.0078925078,0.0002,0.028900000000000002,0.013899999999999996,0.0074008554
2011-11-01,-3.869971254761377,-2.6630156253678416,0.3623298975,-0.004340313,0.0001,0.027200000000000002,0.012700000000000003,0.0076796025
2011-12-01,-3.8626498899186408,-2.6716271808746503,0.3572325407,-0.0064973312,0.0001,0.0254,0.013199999999999996,0.0027640924
2012-01-01,-3.8936730355344658,-2.7082102248775124,0.3454873026,-0.0130621323,0.0003,0.024599999999999997,0.0138,0.000648134
2012-02-01,-3.9219536759391684,-2.7419573076867767,0.3369739354,-0.0144663133,0.0009,0.026299999999999997,0.012900000000000002,0.0006237
2012-03-01,-3.941433075768606,-2.7668048605310736,0.3461819674,-0.0137750499,0.0008,0.028900000000000002,0.012400000000000001,0.0011552699
2012-04-01,-3.922193224394672,-2.7616163830794695,0.3461403112,-0.0124140257,0.0008,0.026000000000000002,0.012299999999999998,0.0016275451
2012-05-01,-3.8459119289243993,-2.6992587411420415,0.3690473597,-0.0152707539,0.0009,0.0212,0.012700000000000003,0.0014960906
2012-06-01,-3.8732586852868693,-2.740399644017023,0.3551038851,-0.0190430644,0.0009,0.0224,0.0138,0.003437228
2012-07-01,-3.870941206478852,-2.75831643818156,0.3515937051,-0.0203207728,0.001,0.0206,0.014699999999999998,0.0015528399
2012-08-01,-3.8758888575375328,-2.783315330089006,0.3493870523,-0.0197829564,0.001,0.0213,0.0143,0.0007271274
2012-09-01,-3.885427095727564,-2.8127191482018485,0.3403829538,-0.0174249011,0.0011,0.0224,0.013499999999999998,0.0010446353
2012-10-01,-3.8469462252435718,-2.792693162582035,0.3492371221,-0.0157131371,0.001,0.0228,0.011099999999999999,0.0009255333
2012-11-01,-3.831631641462638,-2.7954965172332216,0.3511375309,-0.0120939255,0.0009,0.0219,0.010099999999999998,0.0019026489
2012-12-01,-3.8208416606685347,-2.802501817738017,0.3490324432,-0.0115491176,0.0007,0.0239,0.009800000000000003,0.0010357072
2013-01-01,-3.8608520393132566,-2.8471244632085186,0.3299840266,-0.0080167341,0.0007,0.0284,0.009300000000000003,0.0009068013
2013-02-01,-3.862751321608627,-2.8535712116926213,0.3254312323,-0.0088642493,0.001,0.0275,0.009500000000000001,0.0012427427
2013-03-01,-3.889088163692632,-2.8843929422629806,0.3461299966,-0.0089106395,0.0009,0.0278,0.0092,0.00048452
2013-04-01,-3.895100458039268,-2.890040434509057,0.3400362539,-0.0080048589,0.0006,0.0258,0.008600000000000003,0.0016827472
2013-05-01,-3.903878988924264,-2.8984617172197638,0.3338325978,-0.0047046811,0.0004,0.0305,0.008400000000000005,0.0010155556
2013-06-01,-3.87713135296744,-2.8713663205477857,0.338444358,0.0001187088,0.0005,0.0325,0.0092,0.0022476743
2013-07-01,-3.9140746658098444,-2.9071876236556156,0.3255625651,0.0083606059,0.0004,0.034,0.009799999999999996,0.0005020654
2013-08-01,-3.8710689902532027,-2.8630861633969706,0.3407133274,0.0103321159,0.0004,0.0347,0.008799999999999995,0.0009504246
2013-09-01,-3.8893013360473287,-2.8802480400603327,0.3335214846,0.010118701,0.0002,0.0347,0.008300000000000002,0.0006222223
2013-10-01,-3.9272475619419787,-2.9034948246652066,0.324594825,0.0096228184,0.0005,0.0337,0.007800000000000001,0.0014383686
2013-11-01,-3.9492620859245693,-2.911181081761332,0.3136852784,0.0103247749,0.0007,0.0354,0.0075,0.0006443989
2013-12-01,-3.9669345744899545,-2.9148858497736025,0.3044081256,0.0121439423,0.0007,0.0371,0.007600000000000003,0.0007455165
2014-01-01,-3.919000658334378,-2.8764941138105122,0.3214292767,0.0137652167,0.0004,0.033800000000000004,0.006999999999999999,0.0013035884
2014-02-01,-3.9496468872283876,-2.916552807245848,0.3091630718,0.0165761624,0.0005,0.0334,0.006499999999999999,0.0012535647
2014-03-01,-3.9451202448868274,-2.9213100000773107,0.3506160657,0.0164163804,0.0005,0.0332,0.0068000000000000005,0.0008690325
2014-04-01,-3.9407498599834705,-2.9200164376540005,0.3480113191,0.0166232646,0.0003,0.032299999999999995,0.006600000000000002,0.0013626925
2014-05-01,-3.951120205880047,-2.9334098635961006,0.345173256,0.013985265,0.0003,0.0306,0.006000000000000005,0.0005552042
2014-06-01,-3.9596625638348883,-2.9449237336477925,0.3429284585,0.0138854356,0.0004,0.0309,0.005499999999999998,0.0002819998
2014-07-01,-3.9345839174912025,-2.9205903321946236,0.3483798518,0.0084371731,0.0003,0.030699999999999998,0.005700000000000004,0.0009491219
2014-08-01,-3.9617603977527978,-2.9484990327196225,0.337476204,0.00673899,0.0003,0.028399999999999998,0.006099999999999994,0.0005462017
2014-09-01,-3.9364326114578594,-2.9238889187701522,0.3385761813,0.007991443,0.0002,0.0298,0.006900000000000003,0.0007210232
2014-10-01,-3.9511884192011726,-2.9583743826707867,0.3318083646,0.0080322917,0.0002,0.028,0.0076999999999999985,0.0029439983
2014-11-01,-3.967311681268297,-2.99429489658187,0.323661786,0.0068915801,0.0002,0.0262,0.0087,0.000150254
2014-12-01,-3.9550680115314343,-3.00191971869185,0.3237556717,0.0056250385,0.0003,0.0243,0.009499999999999995,0.0019928394
2015-01-01,-3.9120781450693016,-2.9804066270813676,0.3361687625,0.0001909177,0.0003,0.0197,0.009899999999999999,0.0022266292
2015-02-01,-3.954189750239276,-3.0439666406747916,0.318227291,-0.0037666739,0.0002,0.023600000000000003,0.009000000000000001,0.0008135397
2015-03-01,-3.925440209690741,-3.0366421231569403,0.3074540451,-0.0068894585,0.0003,0.022699999999999998,0.009000000000000001,0.001720375
2015-04-01,-3.9263129987546503,-3.0598103898358895,0.3063442097,-0.0070747676,0.0002,0.0247,0.009599999999999997,0.0005743428
2015-05-01,-3.9291954104731275,-3.085148563385629,0.303449953,-0.0080783906,0.0002,0.026000000000000002,0.009099999999999997,0.0008869954
2015-06-01,-3.900462015887384,-3.0790407579145427,0.3101868327,-0.0087253358,0.0002,0.028300000000000002,0.009399999999999999,0.0010521576
2015-07-01,-3.913895146173752,-3.1136297493655176,0.3089532648,-0.0083571622,0.0003,0.026,0.010499999999999995,0.001159779
2015-08-01,-3.8431886851151016,-3.0642728835174484,0.3306709874,-0.0101608866,0.0007,0.0257,0.011500000000000003,0.0058469489
2015-09-01,-3.8103473380226354,-3.052979844387055,0.3356119548,-0.0136376361,0.0002,0.0251,0.012700000000000003,0.0040534912
2015-10-01,-3.8832095757389866,-3.14800097272518,0.3094136283,-0.0168324623,0.0002,0.0257,0.013900000000000003,0.0016189067
2015-11-01,-3.876904005779771,-3.164044243888327,0.3084291577,-0.0184380968,0.0012,0.0253,0.014000000000000005,0.0011187586
2015-12-01,-3.852453996294733,-3.1621434220666673,0.3136488144,-0.0222515536,0.0023,0.0245,0.014900000000000004,0.0028384861
2016-01-01,-3.796643475274849,-3.1104225418081297,0.3319106296,-0.0209440568,0.0026,0.020999999999999998,0.014499999999999999,0.0043013139
2016-02-01,-3.7887776516826785,-3.106632522333566,0.3309018254,-0.0247160557,0.0031,0.018600000000000002,0.0138,0.0026015443
2016-03-01,-3.8489698458296298,-3.1708845085871022,0.3279547913,-0.0237096391,0.0029,0.0189,0.0131,0.0012741566
2016-04-01,-3.8472378798285076,-3.171730957725215,0.3263208887,-0.0242105342,0.0023,0.02,0.011699999999999995,0.0008177635
2016-05-01,-3.8580403717363727,-3.185093501072908,0.3260721193,-0.0270482976,0.0027,0.0192,0.010300000000000004,0.0009955687
2016-06-01,-3.8545619598476257,-3.184161463780142,0.3234753617,-0.0286793269,0.0027,0.015199999999999998,0.010299999999999997,0.0028644087
2016-07-01,-3.8853193459788016,-3.2108648900545163,0.3146611589,-0.0320189618,0.003,0.014500000000000002,0.009399999999999999,0.0004776636
2016-08-01,-3.879884217037102,-3.2014249369087793,0.3151974253,-0.0307856177,0.003,0.0156,0.0092,0.0002791632
2016-09-01,-3.8744514556910716,-3.192037798818066,0.3167938869,-0.0326071176,0.0029,0.0167,0.009000000000000001,0.0016731125
2016-10-01,-3.8498499718063877,-3.152198105312163,0.3196877815,-0.0290379793,0.0033,0.018699999999999998,0.0087,0.0003640519
2016-11-01,-3.878495665531584,-3.1659795390992667,0.3032857864,-0.0274562916,0.0045,0.0222,0.0085,0.0009463721
2016-12-01,-3.89159726004634,-3.1645798918586916,0.2934790969,-0.0251078793,0.0051,0.022099999999999998,0.0077000000000000055,0.0005240219
